2002|ZONA FRANCA INDUSTRIAL DE BIENES  Y DE SERVICIOS DE BARRANQUILLA S.A. USUARIO OPERADOR DE ZONA FRANCA.|Aduanas de Barranquilla|ZONA FRANCA|CR 30 AV HAMBURGO ED ADMINISTRATIVO P 4|1993-02-18|2024-06-20
2003|Zona Franca De Bogot√° S.A.|Aduanas de Bogot√°|ZONA FRANCA|Carrera 106 No. 15-25|1992-09-25|2022-11-16
2004|ZONA FRANCA PERMANENTE PALMASECA S.A USUARIO OPERADOR DE ZONA FRANCA|Aduanas de Cali|ZONA FRANCA|Contiguo Aeropuerto Alfonso Bonilla Arag√≥n|1993-12-30|2023-12-26
2005|Zona Franca del Pac√≠fico S.A. Usuario Operador de Zona Franca|Aduanas de Cali|ZONA FRANCA|Kilometro 6 Carretara Via Yumbo Aeropuerto|1992-06-16|2023-12-26
2006|Sociedad Operadora Zona Franca Industrial De Bienes Y Servic|Aduanas de Cartagena|ZONA FRANCA|Manga Calle 29 No. 27-05|1993-12-02|2028-12-18
2007|Zona Franca De La Candelaria. Centro Internacional Cartagena|Aduanas de Cartagena|ZONA FRANCA|Via Mamonal Km. 12|1992-11-04|2023-12-26
2011|ASOCIACION ENSAMBLADORA SOCIEDAD ANONIMA|Delegada Aduanas de Armenia|DEP PRIV TRANSF|BODEGA 01 KM 5 V√çA AL AEROPUERTO PAR.MUR|1991-11-19|9999-12-31
2012|ACERIAS DE COLOMBIA ACESCO & CIA S C A|Aduanas de Barranquilla|DEP PRIV|PARQUE INDUSTRIAL MALAMBO PIMSA KM. 3 VIA SABANAGRANDE.|2005-11-09|2015-10-04
2013|RYMCO S.A.|Aduanas de Barranquilla|DEP PRIV|CALLE 80 No.78B-51|2005-08-26|2015-08-13
2014|MOLINOS DEL ATLANTICO S.A.|Aduanas de Barranquilla|DEP PRIV|VIA 40 N¬∫ 62-174|2006-02-14|2016-01-31
2015|INDUSTRIAS COLOMBIA INDUCOL S A|Aduanas de Barranquilla|DEP PRIV|V√≠a 40 No.76-188|2006-02-17|2016-01-20
2016|MONOMEROS COLOMBO VENEZOLANOS S.A.|Aduanas de Barranquilla|DEP PRIV|VIA 40 LAS FLORES |2006-02-16|2016-01-21
2017|CURTIEMBRES BUFALO S. A.|Aduanas de Barranquilla|DEP PRIV|CALLE 10 No.33-100|2005-12-22|2016-01-04
2018|CONTINENTE S A|Aduanas de Barranquilla|DEP PRIV|VIA 40 No. 77-29|2006-05-25|2015-04-26
2021|YARA COLOMBIA LTDA|Aduanas de Barranquilla|DEP PRIV|C.I METROPARQUE INTERSECCION CIRCUNVALAR|1991-11-19|9999-12-31
2022|BAYER CROPSCIENCE S.A.|Aduanas de Barranquilla|DEP PRIV|CARRERA 50 CALLE 8 SOLEDAD|2008-01-21|2013-01-21
2023|PRODUCTORA DE INSUMOS AGROPECUARIOS SOMEX S.A.|Aduanas de Barranquilla|DEP PRIV|KILOMETRO 3,VIA MALAMBO-SABANAGRANDE|1991-11-19|2015-09-06
2026|Almagrario S.A - B/Quilla-Autop.Aerop.|Aduanas de Barranquilla|DEP PUBL|AUTOP.AEROP.MANUELA BELTRAN.SOLEDA|2007-01-22|2017-07-11
2027|Almaviva S.A. B/Quilla - Via 40.|Aduanas de Barranquilla|DEP PUBL|VIA 40 No. 54-178|2008-06-05|2013-06-05
2028|Alpopular Barranquilla|Aduanas de Barranquilla|DEP PUBL|AUTOP AEROPTO MPIO SOLEDAD CALLE 31 2395|2006-09-20|2017-04-24
2030|Vopak Colombia S.A.|Aduanas de Barranquilla|DEP PUBL|VIA 40 No.85-174|2008-09-25|2016-12-13
2031|Soc.Port.Regionalde B/Quillas.A.Deposito|Aduanas de Barranquilla|DEP PUBL|CALLE 1 CARRERA 38 ORILLA DEL RIO|2008-09-01|2012-11-30
2032|Soc.Port.De B/Quilla No.2 |Aduanas de Barranquilla|DEP PUBL|CALLE 2 No. 38 -240|2009-03-12|2014-03-12
2035|ALDEASA COLOMBIA LTDA|Aduanas de Barranquilla|DEP FRANCO|SEGUNDO PISO MUELLE INTERNACIONAL AEROPUERTO ERNESTO CORTISSOZ|1991-11-19|9999-12-31
2036|A RAMIREZ ROA LTDA|Aduanas de Barranquilla|DEP FRANCO|Carrera 38 Calle 1 A Terminal Maritimo|1991-11-19|9999-12-31
2037|INVERSIONES DAVADIA LTDA|Aduanas de Barranquilla|DEP FRANCO|Ter Sociedad Portuaria Ant. Casino LC 6  A|1988-09-15|9999-12-31
2038|ZAI CARGO E U|Aduanas de Barranquilla|TRAFICO POSTAL|Calle 30 No. 13-228. Bod C-3-B. |1991-11-19|9999-12-31
2039|ABE CARGO EXPRESS LTDA|Aduanas de Barranquilla|TRAFICO POSTAL|Carrera 59 No. 74-30. |1991-11-19|9999-12-31
2041|COSTAMAR TRAVEL LIMITADA|Aduanas de Barranquilla|TRAFICO POSTAL|Calle 53 No. 46-65. Local 10. |1991-11-19|9999-12-31
2042|THERMOCOIL LTDA.|Aduanas de Barranquilla|DEP PRIV TRANSF|Calle 58 No. 66B-11. Barranquilla.|1991-11-19|2017-05-29
2043|Jincheng De Colombia S.A.Jincol S.A. T/E|Aduanas de Barranquilla|DEP PRIV TRANSF|Calle 30 No. 5 A-99|1997-01-16|2013-01-10
2044|HAVELLS SYLVANIA COLOMBIA S A|Aduanas de Bogot√°|DEP PRIV|CALLE 57 B SUR No.72 A-23|2007-11-30|2015-12-24
2046|ORGANIZACION SOLARTE Y CIA. S. C. A. Calle 12|Aduanas de Bogot√°|DEP PRIV|CALLE 12 B No. 35 - 69|1991-11-19|9999-12-31
2047|ORGANIZACION SOLARTE Y CIA. S. C. A. Cra 26|Aduanas de Bogot√°|DEP PRIV|CRA. 26 No. 11 - 85|1991-11-19|9999-12-31
2048|LEGRAND  COLOMBIA S.A.|Aduanas de Bogot√°|DEP PRIV|Calle 65 A No. 93-91|2006-12-13|2017-01-19
2049|POLUX SUMINISTROS S A|Aduanas de Bogot√°|DEP PRIV|Auto. Medellin Km 1 Par Empresarial San Bernardo BG. 3|2008-08-13|2016-10-26
2050|ABBOTT LABORATORIES DE COLOMBIA S.A.|Aduanas de Bogot√°|DEP PRIV|TRANSVERSAL 93 No.51-98.|2006-09-01|2016-10-11
2051|GENERAL MOTORS COLMOTORES S A|Aduanas de Bogot√°|DEP PRIV|AVENIDA BOYACA CALLE 56A SUR No.33-53|2008-02-14|2015-12-13
2052|EJERCITO NACIONAL CONTADURIA PRINCIPAL DEL COMANDO DEL EJERCITO|Aduanas de Bogot√°|DEP PRIV|CALLE 103 A CARRERA 11 B CANTON NORTE|1991-11-19|2017-12-13
2053|INCA FRUEHAUF - INCA S.A.|Aduanas de Bogot√°|DEP PRIV|CALLE 20 No.99-15|1991-11-19|2016-10-06
2054|INDUSTRIA MILITAR|Aduanas de Bogot√°|DEP PRIV|CARRERA 7 No. 22 A -01 SOACHA|2006-10-24|2016-10-07
2056|SOCIEDAD DE FABRICACION DE AUTOMOTORES S A SOFASA S A|Aduanas de Bogot√°|DEP PRIV|KM. 17 VIA LA CARO.CARR.CENTRAL CHIA|2007-03-12|2017-03-16
2057|STANTON S.A.S.|Aduanas de Bogot√°|DEP PRIV|PLANTADELMU√ëA.KM.25 CARRETERA A SIBATE|1991-11-19|2017-01-13
2058|GENERAL DE EQUIPOS DE COLOMBIA S A GECOLSA|Aduanas de Bogot√°|DEP PRIV|AVENIDA DE LAS AMERICAS No.41-31|1991-11-19|2016-09-06
2060|COMANDO ARMADA NACIONAL|Aduanas de Bogot√°|DEP PRIV|CARRERA 63 A No. 14-99|1991-11-19|2017-04-25
2061|FONDO ROTATORIO DE LA POLICIA NACIONAL|Aduanas de Bogot√°|DEP PRIV|CARRERA 48 No. 46 A - 30 SUR|2007-05-24|2017-06-28
2062|SIEMENS SOCIEDAD ANONIMA|Aduanas de Bogot√°|DEP PRIV|CALLE 12 No.65-51|2006-05-08|2016-05-10
2065|PROTELA S A|Aduanas de Bogot√°|DEP PRIV|TV 93 65 A 82|2008-08-05|2013-08-08
2066|GLAXOSMITHKLINE COLOMBIA S A|Aduanas de Bogot√°|DEP PRIV|CALLE 80 No.116 B-05|1991-11-19|2014-11-04
2067|ORGANIZACION SOLARTE Y CIA. S. C. A.|Aduanas de Bogot√°|DEP PRIV|CRA. 1 No. 12-81 MADRID-CUNDINAMARCA |1991-11-19|9999-12-31
2068|MPS MAYORISTA DE COLOMBIA S.A.|Aduanas de Bogot√°|DEP PRIV|AUTOPISTA BOGOTA - MEDELLIN CALLE 80 KM. 2 VIA COTA|1991-11-19|2016-04-12
2069|ACERIAS PAZ DE RIO S A EN EJECUCION DE ACUERDO DE REESTRUCTURACION|Aduanas de Bogot√°|DEP PRIV|HACIENDA BELENCITO - PLANTA INDUSTRIAL SIDERURGICA ACERIAS PAZ DEL RIO|1991-11-19|9999-12-31
2070|GROUPE SEB COLOMBIA S.A.|Aduanas de Bogot√°|DEP PRIV|CAJICA KM. 1 VIA ZIPAQUIRA |1991-11-19|2016-06-08
2071|Repremundo No.1|Aduanas de Bogot√°|DEP PUBL|CARRERA 97 N 24C-80|2006-11-16|2017-01-02
2072|Repremundo No.2|Aduanas de Bogot√°|DEP PUBL|AVENIDA CARRERA 97 No. 24C-91|2006-11-16|2017-01-04
2074|Almacenar S.A.- Bogota - Cra 60|Aduanas de Bogot√°|DEP PUBL|CARRERA 60 No.15-07|2007-12-31|2012-12-31
2076|SUPPLA SA - Bogota Diagonal 18|Aduanas de Bogot√°|DEP PUBL|TRANSVERSAL 18 No.19-63|2008-09-09|2013-09-09
2077|Almagrario S.A. - Bogota. Av.Eldorado|Aduanas de Bogot√°|DEP PUBL|CALLE 19 A No. 120 - 09|2007-11-26|2012-11-26
2078|Almaviva S.A. Bogota - Cra 47.|Aduanas de Bogot√°|DEP PUBL|CARRERA 47 NO. 12A-74|2008-04-15|2013-04-15
2079|Almaviva S.A. Bogota - Alamos|Aduanas de Bogot√°|DEP PUBL|CALLE 65 BIS No. 89 A 59|2009-01-16|2013-12-18
2080|Alpopular S.A. Fontibon|Aduanas de Bogot√°|DEP PUBL|DIAGONAL 24 C No. 96 B - 50|2006-08-24|2016-10-06
2081|Dep. Aduanero Aviatur S.A.Bogota Clle 40|Aduanas de Bogot√°|DEP PUBL|CALLE 40 No.102-24|2007-12-11|2012-12-11
2084|Consimex S.A. Bogota|Aduanas de Bogot√°|DEP PUBL|DIAGONAL 24 B No. 96 B 51|2006-06-06|2016-08-08
2085|Dhl Global Forwarding Dep.Adu( Colom)|Aduanas de Bogot√°|DEP PUBL|AVENIDA ELDORADO No. 83-09|2008-01-23|2013-01-23
2086|Roldan Y Cia Ltda. Bogota Cra 100|Aduanas de Bogot√°|DEP PUBL|CARRERA 100 No.25-b46|1988-09-15|2017-08-02
2087|Almincarga S.A.- Bogota|Aduanas de Bogot√°|DEP PUBL|CALLE 25 D No. 97-57|2008-06-27|2013-06-27
2088|Green Cargo De Colombia Sa.Bta Cra 62.|Aduanas de Bogot√°|DEP PUBL|AV 22, CALLE 22 AV. CENTENARIO No.84-65|2008-03-19|2013-03-19
2089|Alcomex S.A. - Bogota - Cra.103|Aduanas de Bogot√°|DEP PUBL|CARRERA.103 BIS No. 44-28 FONTIBON|2008-08-26|2013-05-02
2090|Dapsa S.A. Bogota. Diagonal 43|Aduanas de Bogot√°|DEP PUBL|DIAGONAL 43 No.96-65|2007-11-19|2012-11-19
2091|Depositos Aduaneros Dapsa S.A|Aduanas de Bogot√°|DEP PUBL|CALLE 18 No.69B-57/65|2008-11-08|2013-11-08
2092|Snider & Cia S.A. Bogota Avda Eldorado|Aduanas de Bogot√°|DEP PUBL|AVENIDA ELDORADO No. 96-47|2007-03-28|2012-11-30
2094|Cimpex En Ejec.De Acue. Ree. Ltda. Bta.|Aduanas de Bogot√°|DEP PUBL|CARRERA 100 No.47-55|2006-02-22|2015-03-26
2095|INVERSIONES ALASKA S.A|Aduanas de Bogot√°|DEP FRANCO|Local No. 30 y Bodega No. 6 Muelle Intern. Aeropuerto El Dorado|1991-11-19|9999-12-31
2096|ALMACEN ORIENT LTDA|Aduanas de Bogot√°|DEP FRANCO|Local No. 35 y Bodega No. 4 Muelle Intern. Aeropuerto El Dorado|1991-11-19|9999-12-31
2097|IN BOND DAVID S  S.A(Local 2248)|Aduanas de Bogot√°|DEP FRANCO|Local 2248 Muelle Intern. Aeropuerto El Dorado|2008-04-29|2013-04-29
2098|LA RIVIERA DUTY FREE LTDA|Aduanas de Bogot√°|DEP FRANCO|Locales Nos. 33 y 34 Muelle Intern. Aeropuerto El Dorado|1991-11-19|9999-12-31
2099|IMPORTACIONES EL DORADO S A (Local No. 12 y Bodega No. 12A)|Aduanas de Bogot√°|DEP FRANCO|Local No. 12 y Bodega No. 12A Muelle Intern. Aeropuerto El Dorado|2008-04-29|2013-04-29
2100|IN BOND GEMA S.A.(Local No.7 y Bodega No.9)|Aduanas de Bogot√°|DEP FRANCO|Local No. 7 y Bodega No. 9 Muelle Intern. Aeropuerto El Dorado|2006-02-20|2016-02-04
2101|FOTO INTERNACIONAL DE COLOMBIA LIMITADA|Aduanas de Bogot√°|DEP FRANCO|Local No. 1 y Bodega No. 2 Muelle Intern. Aeropuerto El Dorado|1991-11-19|9999-12-31
2102|EL FORUM LTDA|Aduanas de Bogot√°|DEP FRANCO|Local No. 26 Muelle Intern. Aeropuerto El Dorado|1991-11-19|9999-12-31
2104|JOYARTE S.A.|Aduanas de Bogot√°|DEP FRANCO|Local No. 6 Muelle Intern. Aeropuerto El Dorado|1991-11-19|9999-12-31
2105|GRANT STORE INTERNACIONAL LTDA|Aduanas de Bogot√°|DEP FRANCO|LOCAL No. 25 y BODEGA No. 7 MUELLE INTER. AEROPUERTO EL DORADO|1991-11-19|9999-12-31
2106|EXPORTACIONES EL DORADO LTDA EXPORDORADO LTDA.|Aduanas de Bogot√°|DEP FRANCO|Local No. 32 y Bodega No. 10 Muelle Intern. Aeropuerto El Dorado|1991-11-19|9999-12-31
2107|AEROLIBRE LTDA|Aduanas de Bogot√°|DEP FRANCO|Local No. 17 Muelle Intern. Aeropuerto El Dorado|1991-11-19|9999-12-31
2108|EL VIAJERO INTERNACIONAL LIMITADA (Local 2242)|Aduanas de Bogot√°|DEP FRANCO|AEROPUERTO INTERNAL EL DORADO LOCAL No.29(2242)|2006-01-18|2015-10-29
2109|COMERCIALIZADORA BACATA LTDA|Aduanas de Bogot√°|DEP FRANCO|Local No. 4 y Bodega No. 14 Muelle Intern. Aeropuerto El Dorado|1991-11-19|9999-12-31
2110|SMARAGDUS LIMITADA|Aduanas de Bogot√°|DEP FRANCO|Local No. 2271 Muelle Intern. Aeropuerto El Dorado|1988-09-15|9999-12-31
2111|PROMOTORA DE CAFE COLOMBIA SA|Aduanas de Bogot√°|DEP FRANCO|MUELLE INTERNACIONAL AEROPUERTO EL DORADO L. 2277|1991-11-19|9999-12-31
2112|STERLING DE COLOMBIA S.A.|Aduanas de Bogot√°|DEP FRANCO|Local No. 18 y Bodega No. 5 Muelle Intern. Aeropuerto El Dorado|1991-11-19|9999-12-31
2113|LA MAJA LIMITADA|Aduanas de Bogot√°|DEP FRANCO|Local No. 15 y Bodega No. 13 Muelle Intern. Aeropuerto El Dorado|1991-11-19|9999-12-31
2114|DHL EXPRESS COLOMBIA LTDA|Aduanas de Bogot√°|TRAFICO POSTAL|KR 85 D No. 46 A- 38|1991-11-19|9999-12-31
2115|THOMAS GREG EXPRESS S.A|Aduanas de Bogot√°|TRAFICO POSTAL|CALLE 50 No.79-54 INT 10.|1991-11-19|9999-12-31
2118|PAQUETES Y CARGA EXPRESS LIMITADA|Aduanas de Bogot√°|TRAFICO POSTAL|Carrera 81 C No. 24D-73, |1991-11-19|9999-12-31
2119|S. U. EXPRESS INTERNACIONAL LTDA|Aduanas de Bogot√°|TRAFICO POSTAL|AVENIDA ELDORADO No.84A-55 LE12A.|1991-11-19|9999-12-31
2121|BOX EXPRESS COURIER LTDA|Aduanas de Cali|TRAFICO POSTAL|Carrera 97 No. 24C-75. Bod.47. |1991-11-19|2014-04-27
2122|BOX EXPRESS COURIER LTDA|Aduanas de Bogot√°|TRAFICO POSTAL|AK 97 No.24C-75 BG 47|1991-11-19|2014-04-27
2123|EXPRESITO CARGA LIMITADA|Aduanas de Bogot√°|TRAFICO POSTAL|AVENIDA ELDORADO No. 84A-55 LOCAL E 20|1991-11-19|9999-12-31
2124|SPEEDWAY EXPRESS DE COLOMBIA LIMITADA|Aduanas de Bogot√°|TRAFICO POSTAL|TRANSVERSAL 44 No. 93A-77.|1991-11-19|9999-12-31
2125|SERVIENTREGA INTERNACIONAL S A|Aduanas de Bogot√°|TRAFICO POSTAL|CALLE 64 No.89A-83|1991-11-19|9999-12-31
2126|INTERNATIONAL BONDED COURIERS LTDA|Aduanas de Bogot√°|TRAFICO POSTAL|TRANSVERSAL 93 No.62-46 INT4|2008-04-17|2013-04-17
2127|ZAI CARGO E U|Aduanas de Bogot√°|TRAFICO POSTAL|CARRERA 29 No.14B-22 SUR|1991-11-19|9999-12-31
2128|ABE CARGO EXPRESS LTDA|Aduanas de Bogot√°|TRAFICO POSTAL|AVENIDA ELDORADO No. 84A-55 LE-13A|1991-11-19|2014-05-28
2131|MENSAEXPRESS INTERNACIONAL COURIER EU|Aduanas de Bogot√°|TRAFICO POSTAL|CARRERA 98 A No.38B-14 LOCAL 112-113|1991-11-19|9999-12-31
2132|MENSAYA LIMITADA|Aduanas de Bogot√°|TRAFICO POSTAL|CARRERA 100 No.BIS No.43-59 L.001|1991-11-19|9999-12-31
2133|MENSAJERIA ESPECIALIZADA Y COURRIER EXPRESS S.A.|Aduanas de Bogot√°|TRAFICO POSTAL|CALLE 25G No.84A-45|1991-11-19|9999-12-31
2134|PLANET EXPRESS LTDA|Aduanas de Bogot√°|TRAFICO POSTAL|CALLE 54 No.71-20|1991-11-19|9999-12-31
2135|COURIER NACIONAL  E INTERNACIONAL SERVINSA LTDA|Aduanas de Bogot√°|TRAFICO POSTAL|CARRERA 48 No.69-20 Piso 1.|1991-11-19|9999-12-31
2136|USA CO COLOMBIAN WORLDWIDE COURIER LTDA|Aduanas de Bogot√°|TRAFICO POSTAL|TRANSVERSAL 93 No. 53-32 INTERIOR 15.|1991-11-19|9999-12-31
2137|JET BOX S.A.|Aduanas de Bogot√°|TRAFICO POSTAL|CARRERA 73A No.51A-35|1991-11-19|2014-06-15
2138|LARS COURRIER SA|Aduanas de Bogot√°|TRAFICO POSTAL|TRANSVERSAL 85 No.65-06|1991-11-19|9999-12-31
2139|EXPRESITO CARGA LIMITADA|Aduanas de Bogot√°|TRAFICO POSTAL|Av El Dorado No. 84A-55. Local E 20. |1991-11-19|9999-12-31
2140|AIREXPRESS S.A.|Aduanas de Bogot√°|TRAFICO POSTAL|AVENIDA EL DORADO No.84A-55 L-E14|1991-11-19|9999-12-31
2141|W.A.T. EXPRESS S.A.|Aduanas de Bogot√°|TRAFICO POSTAL|AV EL DORADO 84 A 55 LC EX 32|1991-11-19|9999-12-31
2142|GRUPO SERT LTDA|Aduanas de Bogot√°|TRAFICO POSTAL|CL 65 B 88 27 IN 5 AP 503 / CLLE 25C BIS 99-55|2009-01-16|2014-01-16
2143|COORDINADORA MERCANTIL S.A.|Aduanas de Bogot√°|TRAFICO POSTAL|CALLE 17 No. 69B-96|1991-11-19|9999-12-31
2144|PONY EXPRESS CARGO LTDA|Aduanas de Bogot√°|TRAFICO POSTAL|Av Carrera 103 NO. 25B Bis-48. |2008-10-09|2014-05-17
2145|TRANEXCO SA|Aduanas de Bogot√°|TRAFICO POSTAL|TRANSVERSAL 93 No.62-70 INTERIOR 35.|1991-11-19|9999-12-31
2146|NEW EXPRESS MAIL LTDA|Aduanas de Bogot√°|TRAFICO POSTAL|CALLE 25 D No. 97-79|1991-11-19|9999-12-31
2147|L & D COLOMBIA LTDA|Aduanas de Bogot√°|TRAFICO POSTAL|Carrera 100 NO. 25C-11 Bodega 5. |1991-11-19|2014-04-27
2149|SOMOS COURRIER EXPRESS SA|Aduanas de Bogot√°|TRAFICO POSTAL|AV LA ESPERANZA 77 A 52|2007-11-14|2012-11-14
2150|TEGO DELIVERY LTDA|Aduanas de Bogot√°|TRAFICO POSTAL|CARRERA 83 No.24A-17|1991-11-19|9999-12-31
2154|DELIVERY COLOMBIA  S A|Aduanas de Bogot√°|TRAFICO POSTAL|TRANSVERSAL 29 No. 40 A 57/59|1991-11-19|9999-12-31
2155|V M CARGO SERVICES LTDA|Aduanas de Bogot√°|TRAFICO POSTAL|Calle 25C No. 84B-29. |2007-02-12|2014-05-07
2156|LOGISTICA TRANSPORTE Y DISTRIBUCION SA|Aduanas de Bogot√°|TRAFICO POSTAL|Calle 22 J No. 97-66. Bogota|1991-11-19|9999-12-31
2157|YAZAKI CIEMEL S.A.|Aduanas de Bogot√°|DEP PRIV TRANSF|Kilometroi 21. Autopista Norte Via Chia.|1991-11-19|2017-04-09
2158|TERMINALES AUTOMOTRICES S.A.|Aduanas de Bogot√°|DEP PRIV TRANSF|Calle 5 No. 14-100. Kilometro 19. Casco Urbano Central. Parque Industrial Montana.  Mosquera-Cundinamarca|1991-11-19|2017-02-07
2159|Comp.Colombiana Automotriz S.A. Cca. T/E|Aduanas de Bogot√°|DEP PRIV TRANSF|CLL13 38-54,CRA38 14A-34,CLLE15 39A39,CR|1988-09-15|2015-01-25
2160|CARROCERIAS EL SOL S.C.A.|Aduanas de Bogot√°|DEP PRIV TRANSF|AUTOPISTA A SOACHAKM 8 CAZUCA ENTRADA 2|1991-11-19|9999-12-31
2162|Colmotores (T/E). Bta Clle 56sur|Aduanas de Bogot√°|DEP PRIV TRANSF|CALLE 56 A SUR No.33A-53|1988-09-15|2017-01-27
2163|Fanalca S.A ( T/E) Bogota Cazuca|Aduanas de Bogot√°|DEP PRIV TRANSF|TRANSVERSAL 7 No. 11-80 CAZUCA|1989-03-03|2013-02-25
2164|Non Plus Ultra S.A. Bta Cra 49 T/E|Aduanas de Bogot√°|DEP PRIV TRANSF|CARRERA 49 No. 201-50|1988-09-15|2012-11-30
2166|Navitrans S.A. C.I.De Equipos Y Maq. T/E|Aduanas de Bogot√°|DEP PRIV TRANSF|CARRERA 35 No. 13-65|1988-09-15|9999-12-31
2168|Andina Trim Ltda|Aduanas de Bogot√°|DEP PRIV TRANSF|CARRERA 50 No.11-65 LOTE 5 PTE ARANDA|1988-09-15|2013-04-04
2169|SAUTO S.A. T/E.|Aduanas de Bogot√°|DEP PRIV TRANSF|CARRERA 50 No.11-65|1989-02-24|2013-04-04
2170|Compa√±ia De Autoensamble Nissan Ltda|Aduanas de Bogot√°|DEP PRIV TRANSF|CARRERA 68 No. 22A-45|1998-01-30|2013-03-27
2171|THERMOFORM S.A.|Aduanas de Bogot√°|DEP PRIV TRANSF|KILOMTERO 4.5 V√çA CAJIC√Å - ZIPAQUIRA|1991-11-19|2013-01-25
2172|Trimco S.A|Aduanas de Bogot√°|DEP PRIV TRANSF|CALLE 16 No. 62-49|1988-09-15|2013-01-08
2173|Dida Colombiana S.A. Dida-Col S.A|Aduanas de Bogot√°|DEP PRIV TRANSF|AVENIDA ELDORADO No. 78-20|1988-09-15|2013-02-08
2174|Superpolo S.A.|Aduanas de Bogot√°|DEP PRIV TRANSF|AUTOPISTA SUR No.77-31|2001-10-10|2013-07-12
2175|Incolbestos S.A.|Aduanas de Bogot√°|DEP PRIV TRANSF|AVENIDA (CALLE ) 17 No.123B-49|1988-09-15|2013-09-22
2176|Servicios Industriales Tecnicos S.A.|Aduanas de Bogot√°|DEP PRIV TRANSF|CALLE 22 No.127-51 INTERIOR 6|1988-09-15|2013-06-17
2177|Industrias Metalicas Asociadas Imal S.A.|Aduanas de Bogot√°|DEP PRIV TRANSF|CALLE 29 BIS No.127-69|1988-09-15|2013-08-29
2178|Colombiana De Frenos S.A. Cofre|Aduanas de Bogot√°|DEP PRIV TRANSF|CARRERA 126 No.29-02|1988-09-15|2013-08-14
2179|Espumlatex S.A.|Aduanas de Bogot√°|DEP PRIV TRANSF|CR 96 B 19 A 60|1988-09-16|2013-09-09
2180|ANDINA TRIM S A|Aduanas de Bogot√°|DEP PRIV TRANSF|TRANSVERSAL 49 No. 11-50|1991-11-19|2014-06-04
2186|INDUSTRIA DE EJES Y TRANSMISIONES S.A.|Impuestos y Aduanas de Bucaramanga|DEP PRIV|ZONA INDUSTRIAL DE GIRON KILOMETRO 7|2005-12-28|2016-08-03
2187|TRANSEJES TRANSMISIONES HOMOCINETICAS DE COLOMBIA S.A.|Impuestos y Aduanas de Bucaramanga|DEP PRIV TRANSF|ZONA INDUSTRIAL DE GIRON|1991-11-19|2013-01-03
2188|INDUSTRIAS DEL MAIZ S.A. CORN PRODUCTS ANDINA|Aduanas de Cali|DEP PRIV|CRA. 5 No 52-56|1991-11-19|2012-11-08
2189|COLGATE PALMOLIVE COMPA√ëIA|Aduanas de Cali|DEP PRIV|CALLE 39 No 1-35|1991-11-19|2013-01-14
2190|CENTRO INTERNACIONAL DE AGRICULTURA TROPICAL|Aduanas de Cali|DEP PRIV|KM. 17 RECTA CALI -PALMIRA |2005-09-27|2015-10-12
2191|ITALCOL DE OCCIDENTE LTDA|Aduanas de Cali|DEP PRIV|KM. 11 RECTA PALMIRA -CALI |2006-01-03|2015-10-22
2193|FABRICA NACIONAL DE AUTOPARTES S.A.    FANALCA S A|Aduanas de Cali|DEP PRIV|CALLE 13 No 31A-80|2007-03-26|2016-01-19
2194|CARVAJAL PULPA Y PAPEL S. A.|Aduanas de Cali|DEP PRIV|ZONA IND. YUMBO C/TERA ARROYOHONDO CALI|2006-02-14|2016-01-12
2195|CARTON DE COLOMBIA S.A.|Aduanas de Cali|DEP PRIV|CALLE 15 # 18-109 Km 15 Pto.Isaacs Yumbo|2005-11-08|2015-09-10
2197|MAC S.A|Aduanas de Cali|DEP PRIV|CARRERA 35 No 10-54|1991-11-19|9999-12-31
2199|ORGANIZACION SOLARTE Y CIA. S. C. A.|Aduanas de Cali|DEP PRIV|CALLE 15 No 27-40|1991-11-19|9999-12-31
2200|Almacenes Generales De Deposito Almaviva  S.A.|Aduanas de Cali|DEP PUBL|Cra.34 No 12-30 Callej√≥n El Caney.Yumbo|2008-07-10|2015-04-26
2202|Almaviva S.A. Cali- Carrera 5.|Aduanas de Cali|DEP PUBL|CARRERA 5 No. 56-68/70 BARRIO SALOMIA.|2008-08-08|2013-08-08
2203|Alpopular. Sucursal Cali|Aduanas de Cali|DEP PUBL|CARRERA. 21 No.10-155 ACOPI YUMBO|2007-01-15|2017-04-24
2206|Consimex. S.A. Cali Carrera 1g Salomia|Aduanas de Cali|DEP PUBL|CARRERA 1G No. 47-16 SALOMIA|2007-05-28|2017-06-27
2207|Snider & Cia S.A. Cali Acopi|Aduanas de Cali|DEP PUBL|CALLE 14 No. 37-05 URBANIZACION ACOPI|2007-08-06|2017-08-02
2208|Almacenes Generales De Deposito Mercantil S.A. Almacenar|Aduanas de Cali|DEP PUBL|CALLE 39 No. 3N-79|2007-04-19|2015-03-01
2210|CENTRO DE MECANIZADOS DEL CAUCA S.A.|Aduanas de Cali|DEP PRIV PROC I|Via Pto Tejada- Candelaria|1991-11-19|2014-08-12
2212|ABE CARGO EXPRESS LTDA|Aduanas de Cali|TRAFICO POSTAL|Calle 56 No. 5N - 65, Bod 5. |1991-11-19|9999-12-31
2213|LARS COURRIER SA|Aduanas de Cali|TRAFICO POSTAL|Calle 26 Norte No. 2Bis-51. |1991-11-19|9999-12-31
2215|ENCARGO EXPRESS LTDA|Aduanas de Cali|TRAFICO POSTAL|Calle 3N No. 35 N -25|1991-11-19|9999-12-31
2216|AIREXPRESS S.A.|Aduanas de Cali|TRAFICO POSTAL|Calle 25N No. 5N-47. Local 6. |1991-11-19|9999-12-31
2220|PONY EXPRESS CARGO LTDA|Aduanas de Cali|TRAFICO POSTAL|Carrera 4N NO. 50-24. |1991-11-19|9999-12-31
2221|VENCELL CARGO E.U|Aduanas de Cali|TRAFICO POSTAL|Calle 48 Norte No. 2GN-24.|2007-01-22|2015-03-24
2222|Fanalca S.A. (T/E). Cali. Acopi-Yumbo|Aduanas de Cali|DEP PRIV TRANSF|CALLE 13 No.31A-80 URB.ACOPI-YUMBO|1989-03-03|2012-11-22
2223|Colomb. De Chasises Colcha S.A. T/E Cali|Aduanas de Cali|DEP PRIV TRANSF|CALLE 13 No.32-477 YUMBO|1997-07-10|9999-12-31
2224|Motos Jialing S.A. T/E.Cle44.|Aduanas de Cali|DEP PRIV TRANSF|CALLE 28 No. 4B-495|1995-04-20|2016-11-03
2225|Goodyear De Colombia S.A.|Aduanas de Cali|DEP PRIV TRANSF|CALLE 10 No. D15-39 YUMBO|1988-09-15|2012-11-30
2226|Mac S.A.|Aduanas de Cali|DEP PRIV TRANSF|CALLE 10 No.35-265 ACOPI|1988-09-15|2012-12-26
2227|Icollantas S.A. (T/E) Cali|Aduanas de Cali|DEP PRIV TRANSF|CARRERA 5a No.22-48|1989-02-27|2013-01-18
2228|CODINTER S.A.|Aduanas de Cali|DEP PRIV TRANSF|Cra 31A No. 10A-129. Cali|1991-11-19|2015-02-03
2230|INDUSTRIAS NORTECAUCANAS LTDA.|Aduanas de Cali|DEP PRIV TRANSF|KM 1 VIAMIRANDA A FLORIDA HC SAN ANTONIO|1991-11-19|2014-01-26
2231|IN BOND FERNANDO CASTRO|Aduanas de Cali|DEP FRANCO|AEROPUERTO ALFONSO BONILLA ARAGON |1991-11-19|9999-12-31
2232|IN BOND WESTERNS LIMITADA|Aduanas de Cali|DEP FRANCO|AEROPUERTO ALFONSO BONILLA ARAGON |1991-11-19|2015-11-17
2233|INVERSIONES ALASKA ( IN BOND ANDINO)|Aduanas de Cali|DEP FRANCO|AEROPUERTO ALFONSO BONILLA ARAGON |2003-12-12|2013-10-21
2234|BERNARDO ALVAREZ & CIA . LTDA( IN BOND CALI)|Aduanas de Cali|DEP FRANCO|AEROPUERTO ALFONSO BONILLA ARAGON |1991-11-19|2015-12-13
2236|MEXICHEM RESINAS COLOMBIA S.A.|Aduanas de Cartagena|DEP PRIV|VIA MAMONAL KM.8. FRENTE ISLA DE LA BRUJA|1991-11-19|2016-08-22
2238|TUBOS DEL CARIBE LTDA|Aduanas de Cartagena|DEP PRIV|PARQUE INDUSTRIAL CARLOS VELEZ POMBO K 1 CARRETERA TURBACO |2005-09-28|2015-09-30
2239|AGENCIA LOGISTICA DE LAS FUERZAS MILITARES|Aduanas de Cartagena|DEP PRIV|AV. SAN MARTIN BASE NAVAL ARC BOLIVAR|1991-11-19|9999-12-31
2242|ABONOS COLOMBIANOS S.A.|Aduanas de Cartagena|DEP PRIV|PASACABALLOS ZONA IND. MAMONAL KM.11|2008-05-22|2016-05-10
2243|CEMENTOS ARGOS S.A.|Aduanas de Cartagena|DEP PRIV|ZONA INDUSTRIAL MAMONAL KM. 7|1991-11-19|9999-12-31
2244|POLIPROPILENO DEL CARIBE S.A.|Aduanas de Cartagena|DEP PRIV|ZONA INDUSTRIAL MAMONAL KM. 8. |2006-05-19|2016-06-21
2245|EXXONMOBIL DE COLOMBIA S.A.|Aduanas de Cartagena|DEP PRIV|VIA MAMONAL KM.11|2006-03-06|2016-01-27
2247|INVERSIONES CASCABEL S.A.|Aduanas de Cartagena|DEP PRIV|MAMONAL KM 11|2005-06-27|2015-05-05
2248|AJOVER S.A.|Aduanas de Cartagena|DEP PRIV|MAMONAL KM 11|2006-03-06|2016-01-28
2249|COMANDO ARMADA NACIONAL|Aduanas de Cartagena|DEP PRIV|BOCAGRANDE, AV. SAN MARTIN|2006-10-10|2016-07-22
2253|Almagrario S.A.- C/Gena-Km.1.Via Mamon|Aduanas de Cartagena|DEP PUBL|KM.1.VIA MAMONAL BARRIO CEBALLOS|2007-12-05|2012-12-05
2254|Almagrario S.A. - Cartagena|Aduanas de Cartagena|DEP PUBL|CALLE 21B No.55-150 BARRIO EL BOSQUE|2008-01-16|2013-01-16
2255|Almaviva S.A. Cartagena - Calle 22|Aduanas de Cartagena|DEP PUBL|CALLE 22 No. 54 B -70.|2008-04-03|2013-04-03
2256|VOPAK COLOMBIA S.A|Aduanas de Cartagena|DEP PUBL|ZONA.IND. MAMONAL.KM.13.|2007-12-13|2012-12-13
2257|Muelles El Bosque S.A. Cartagena.|Aduanas de Cartagena|DEP PUBL|AVENIDA.PEDRO VELEZ No. 48-14 EL BOSQUE|2008-07-25|2016-12-21
2258|Dow Quimica De Colombia S.A. Cartagena|Aduanas de Cartagena|DEP PUBL|KM.14. ZONA INDUSTRIAL MAMONAL|2008-10-01|2017-08-02
2259|Contecar Tnal C/Nedor.C/Genas.A.Deposito|Aduanas de Cartagena|DEP PUBL|KM.1. VIA MAMONAL TERM.MARITIMO CONTECAR|2008-03-11|2013-03-06
2260|Algranel S.A.- Cartagena - Calle 29|Aduanas de Cartagena|DEP PUBL|CALLE 29 No. 30-428 V√çA MANGA.|2008-10-07|2017-07-04
2261|Soc.Portuaria Reg.Decartagenas.Adeposito|Aduanas de Cartagena|DEP PUBL|MANGA TERMINAL MARITIMO|2006-04-11|2016-05-10
2265|Puerto De Mamonal S.A.|Aduanas de Cartagena|DEP PUBL|TERMINAL MARITIMO CARTAGENA MAMONAL KM.7|2007-09-12|2012-11-30
2266|Sociedad Portuaria Mamonal S.A|Aduanas de Cartagena|DEP PUBL|ZONA MAMONAL KM.11 FRENTE ABOCOL|2008-05-19|2013-05-19
2267|SOCIEDAD PORTUARIA REGIONAL DE CARTAGENA S.A|Aduanas de Cartagena|DEP PUB APOYO|MANGA TERMINAL MARITIMO|1991-11-19|2015-07-28
2268|TERMINAL DE CONTENEDORES DE CARTAGENA S A|Aduanas de Cartagena|DEP PUB APOYO|KM. 1 V√çA MAMONAL CRA 56 no. 5-541|1991-11-19|9999-12-31
2269|ALDEASA COLOMBIA LTDA|Aduanas de Cartagena|DEP FRANCO|AEROPUERTO RAFAEL NU√ëEZ|1999-04-23|9999-12-31
2270|DEPOSITO FRANCO SOCIEDAD PORTUARIO REGIONAL CARTAGENA|Aduanas de Cartagena|DEP FRANCO|MANGA CRA. 26-3 AV. TERMINAL MARITIMO|1988-09-15|9999-12-31
2271|C.I. CURTIEMBRES MATTEUCCI LTDA.|Aduanas de Cartagena|DEP PRIV PROC I|ALBORNOZ CRA. 56 No 30-275|1991-11-19|2015-05-27
2273|DRYPERS ANDINA S.A.|Aduanas de Cali|DEP PRIV|KM 2 VIA SAN JULIAN S. QUILICHAO CAUCA|2005-12-23|2015-08-15
2274|Almacenar S.A.- Cucuta - Calle 21|Aduanas de C√∫cuta|DEP PUBL|CALLE 21 NORTE No.10-25 AVDA. AEROPUERTO|2008-07-22|2013-07-22
2275|Almaviva S.A. Cucuta - Calle 10 .|Aduanas de C√∫cuta|DEP PUBL|CALLE 10 No.7A-106|2008-07-10|2013-02-14
2276|Almaviva S.A. Cucuta Calle 19 #5-66|Aduanas de C√∫cuta|DEP PUBL|CALLE 19 No.5-66|2008-03-12|2013-03-12
2277|Alpopular Cucuta|Aduanas de C√∫cuta|DEP PUBL|AVENIDA 7 NO. 16N-55 ZONA INDUSTRIAL|2007-01-09|2017-04-24
2278|Consimex S.A. Cucuta Avda 10 Zona Indust|Aduanas de C√∫cuta|DEP PUBL|AVENIDA 10 No.20N-50 Z. INDUSTRIAL|2009-01-28|2012-11-30
2279|Almandina Ltda - Cucuta - Calle 8.|Aduanas de C√∫cuta|DEP PUBL|CALLE 8 No. 8-151 LOTE E11-7A MZ 6-7|2008-04-23|2013-04-23
2282|ARME S.A.|Impuestos y Aduanas de Manizales|DEP PRIV|ZONA INDUSTRIAL FRENTE A ESTACION DE SERVICIO LA VARIANTE|2005-09-19|2015-09-04
2284|COMERCIALIZADORA INTERNACIONAL INVERMEC S.A|Impuestos y Aduanas de Manizales|DEP PRIV|CARRERA 22 N¬∫ 75-111|1991-11-19|2015-09-10
2286|C.I. SUPER DE ALIMENTOS S.A.|Impuestos y Aduanas de Manizales|DEP PRIV|VIA AL MAGDALENA KILOMETRO 10|2006-01-13|2016-01-14
2288|BELLOTA COLOMBIA S.A.|Impuestos y Aduanas de Manizales|DEP PRIV DI INT|PARQUE INDUSTRIAL JUANCHITO TERRAZA 8|1991-11-19|9999-12-31
2289|RAYOVAC- VARTA S.A.|Impuestos y Aduanas de Manizales|DEP PRIV DI INT|BODEGAS CARRERA 9 CON CALLE 3 VILLAMARIA|1991-11-19|2015-09-10
2290|COMERCIALIZADORA INTERNACIONAL INVERMEC S.A|Impuestos y Aduanas de Manizales|DEP PRIV DI INT|CARRERA 22 N¬∫ 75-111|1991-11-19|9999-12-31
2291|Inversiones Iderna S.A. En Concordato|Impuestos y Aduanas de Manizales|DEP PRIV TRANSF|CALLE 106 No. 28-61|1988-09-15|9999-12-31
2293|INDUSTRIAS HACEB S A|Aduanas de Medell√≠n|DEP PRIV|Autopista Norte Calle 59 No.55-80 Kilometro 13, Copacabana, Antioquia|1991-11-19|2017-09-19
2299|ENERGIA & POTENCIA S.A.|Aduanas de Medell√≠n|DEP PRIV|CARRERA 54 A No. 66A-100 ITAGUI|2006-09-18|2016-09-05
2300|COMERCIALIZADORA INTERNACIONAL JEANS S.A.|Aduanas de Medell√≠n|DEP PRIV|Cra. 53 NO. 77 sur 120 La Estrella, Antioquia|2009-04-23|2014-04-23
2302|HOJALATA Y LAMINADOS S . A.  HOLASA|Aduanas de Medell√≠n|DEP PRIV|CALLE 17 NO. 43F-122|2006-06-07|2016-04-11
2303|AMTEX S.A.|Aduanas de Medell√≠n|DEP PRIV|CARRERA 51 No. 13-66|2005-11-03|2015-11-02
2304|COMPA√ëIA GLOBAL DE PINTURAS  S.A.|Aduanas de Medell√≠n|DEP PRIV|VEREDA BELEN KILOMETRO 1 AUTOPISTA MEDELLIN BOGOTA|2007-02-28|2015-09-02
2306|Almagrario S.A.- Medellin - Kra 50|Aduanas de Medell√≠n|DEP PUBL|CARRERA 50 No. 29 SUR - 140 ENVIGADO|2008-01-16|2013-01-16
2307|Almaviva S.A. Medellin - Carrera 48.|Aduanas de Medell√≠n|DEP PUBL|CARRERA 48 AVDA. VEGAS No. 25A SUR - 81|2008-10-08|2013-04-15
2308|Almaviva S.A. Aeropto Jose Maria Cordov|Aduanas de Medell√≠n|DEP PUBL|AEROPUERTO J.M.CORDOBA TERMINAL DE CARGA|2008-03-12|2013-03-12
2309|Alpopular Envigado|Aduanas de Medell√≠n|DEP PUBL|CARRERA 50 No.29SUR - 220|2006-08-24|2016-12-07
2310|Consimex S.A. Medellin Carrera 49|Aduanas de Medell√≠n|DEP PUBL|CALLE 66A No 43-02 BD 102, 103, 104, 105|2007-10-02|2017-07-30
2311|Dapsa S.A. Medellin Carrera 42|Aduanas de Medell√≠n|DEP PUBL|CARRERA 42 No. 67A-13/7 ITAGUI|2008-01-28|2013-01-28
2312|INCOLMOTOS-YAMAHA S.A. GIRARDOTA|Aduanas de Medell√≠n|DEP PRIV|CALLE 30 # 40 - 09, iTAGUI |2006-12-12|2015-08-31
2313|DISTECNICAS LTDA|Aduanas de Medell√≠n|DEP PRIV TRANSF|CARRERA 46 No.14-165|1991-11-19|2013-01-21
2314|AUTOTECNICA COLOMBIANA S.A.|Aduanas de Medell√≠n|DEP PRIV TRANSF|CARRERA 42 AUTOSUR. No 45-77. ITAGUI|1991-11-19|2017-06-04
2315|Fanalca S.A ( T/E) Medellin|Aduanas de Medell√≠n|DEP PRIV TRANSF|CARRERA 65 No.29-50|1989-03-03|9999-12-31
2316|Incolmotos - Yamaha S.A. T/E|Aduanas de Medell√≠n|DEP PRIV TRANSF|COSTADO ORIENTAL KILOMETRO 20 AUTOPISTA NORTE GIRARDOTA ZONA RURAL VEREDA PORTACHUELO|2004-11-03|2016-12-21
2317|Sofasa S.A. (T/E)|Aduanas de Medell√≠n|DEP PRIV TRANSF|CARRERA 49 No 39 sur 100|2009-01-19|2016-09-09
2318|Bonem S.A.|Aduanas de Medell√≠n|DEP PRIV TRANSF|Calle 6 Sur No. 50 C ¬ø 104. Medellin|1988-09-15|2013-09-08
2319|COLOMBIANA DE COMERCIO S.A.  CORBETA S.A. Y O ALKOSTO S.A.|Aduanas de Medell√≠n|DEP PRIV TRANSF|CAR49 N.30 SUR-66 CL 30 S.No.48-113 ENV|2007-05-11|2014-06-30
2320|UMO UMO S.A. MEDELLIN|Aduanas de Medell√≠n|DEP PRIV TRANSF|Cra 48 No. 14-86. Medellin|1991-11-19|2015-04-02
2321|AUTOTECNICA COLOMBIANA S.A.|Aduanas de Medell√≠n|DEP PRIV|Cra 42 #45-77|2005-08-29|2015-07-17
2322|Colauto S.A.|Aduanas de Medell√≠n|DEP PRIV TRANSF|Cra 42 No. 45-77. Itagui-Antioquia|2000-03-24|2017-08-09
2323|Industrias Faaca Colombia S.A.|Aduanas de Medell√≠n|DEP PRIV TRANSF|Avenida 37B No. 42-155. Bod 5. Itagui-Antioquia|1988-09-15|2013-04-30
2324|ABE CARGO EXPRESS LTDA|Aduanas de Medell√≠n|TRAFICO POSTAL|Carrera 43 No. 33-57. Local 135. |1991-11-19|2014-05-28
2325|ZAI CARGO E U|Aduanas de Medell√≠n|TRAFICO POSTAL|Carrera 43 No. 30C - 64. |1991-11-19|9999-12-31
2326|MENSAYA LIMITADA|Aduanas de Medell√≠n|TRAFICO POSTAL|Calle 47D NO. 70-133. |1991-11-19|9999-12-31
2327|LICORES DE COLOMBIA LTDA|Aduanas de Medell√≠n|DEP FRANCO|Local 2242B Aeropuerto Jos√© Mar√≠a C√≥rdova|1991-11-19|2015-11-04
2328|DISTRIBUIDORA COLOMBIANA DE SENTIMIENTOS DE BELLEZA S.A|Aduanas de Medell√≠n|DEP FRANCO|Local 2242A Aeropuerto Jos√© Mar√≠a C√≥rdova|1991-11-19|2016-12-22
2329|C.I.METALES Y DERIVADOS S.A.|Aduanas de Medell√≠n|DEP PRIV PROC I|Carrera 50 #36-19|1991-11-19|9999-12-31
2330|INDUSTRIA COLOMBIANA DE CAFE S.A.|Aduanas de Medell√≠n|DEP PRIV PROC I|CARRERA 50 # 6 SUR - 81|1991-11-19|9999-12-31
2331|ELECTRO PORCELANA GAMMA S A|Aduanas de Medell√≠n|DEP PRIV PROC I|CARRERA 49 # 67 SUR - 680|1991-11-19|9999-12-31
2332|CELSA  S.A|Aduanas de Medell√≠n|DEP PRIV PROC I|CALLE 50 # 40-20|1991-11-19|2015-09-10
2333|AMERICAN AIRLINES INC SUCURSAL COLOMBIANA|Aduanas de Medell√≠n|PROV ABORDO | AEROPUERTO JOSE MARIA CORDOBA|1991-11-19|9999-12-31
2334|COMERCIALIZADORA SANTANDER S.A.|Impuestos y Aduanas de Pereira|DEP PRIV|Av Santander No. 11E-175|2007-04-16|2017-03-30
2335|SUZUKI MOTOR DE COLOMBIA S.A.|Impuestos y Aduanas de Pereira|DEP PRIV|Km. 15 Via Pereira Cerritos|1991-11-19|2015-12-14
2336|INVERSIONES GIRALDO BETANCUR SOCIEDAD EN COMANDITA SIMPLE|Impuestos y Aduanas de Pereira|DEP TRANSITORIO|Cra 7a No. 23-36|1991-11-19|9999-12-31
2337|SUZUKI MOTOR DE COLOMBIA S.A.|Impuestos y Aduanas de Pereira|DEP PRIV TRANSF|Km. 15 Via Pereira Cerritos|1991-11-19|2017-07-31
2338|PRODUCTORA DE INSUMOS AGROPECUARIOS SOMEX S.A.|Impuestos y Aduanas de Pereira|DEP PRIV TRANSF|Km. 15 Via Pereira Cerritos|1991-11-19|2015-05-07
2339|BUSSCAR DE COLOMBIA S.A.|Impuestos y Aduanas de Pereira|DEP PRIV TRANSF|KILOMETRO 14 VIA CERRITOS|1991-11-19|2015-05-07
2340|AYCO LTDA.|Impuestos y Aduanas de Pereira|DEP PRIV TRANSF|Av Las Americas No. 82-47|1991-11-19|2016-05-26
2343|EJERCITO NACIONAL CONTADURIA PRINCIPAL DEL COMANDO DEL EJERCITO|Impuestos y Aduanas de Santa Marta|DEP PRIV|BATALLON CORDOBA |2007-03-20|2017-12-23
2344|ECOPETROL S.A.|Impuestos y Aduanas de Santa Marta|DEP  PRIV COMB|KM. 12 VIA SANTA MARTA A CIENAGA |1991-11-19|9999-12-31
2345|Almagrario S.A. - Santa Marta-Term.Marit|Impuestos y Aduanas de Santa Marta|DEP PUBL|CARRERA 1B CALLE 7 BRR ANTIGUO BRR ANCON|2007-05-08|2017-07-25
2347|Soc. Portuaria Reg. De Santa Marta S.A.|Impuestos y Aduanas de Santa Marta|DEP PUBL|TERMINAL MARITIMO CARRERA 1 No. 10A-12|2007-10-24|2012-11-30
2348|Terminal De Graneles Liquidos Del Caribe  S.A.|Impuestos y Aduanas de Santa Marta|DEP PUBL|VIA AL BOQUERON|2005-02-16|2015-05-11
2353|CARBONES DEL CERREJON LIMITED|Impuestos y Aduanas de Riohacha|DEP PRIV|PUERTO BOLIVAR - HAB√çA PORTETE|1991-11-19|2013-01-17
2355|San Andres Port Society S.A.|Impuestos y Aduanas de San Andr√©s|DEP PUBL|AVENIDA NEWBALL MLL|2007-03-20|2016-01-17
2356|Julio Barreneche-Almacol Planta 2 B/Vent|Impuestos y Aduanas de Buenaventura|DEP PUBL|AVENIDA PORTUARIA EDIFICIO ALMACOL.|2008-07-10|2013-07-10
2357|Almagrario S.A.- B/Ventura Term.Maritimo|Impuestos y Aduanas de Buenaventura|DEP PUBL|SILOS IDEMA TERMINAL MARITIMO|2007-01-22|2017-05-16
2358|Almaviva S.A. B/Ventura -Av. S.Bolivar|Impuestos y Aduanas de Buenaventura|DEP PUBL|AVENIDA SIMON BOLIVAR KM 4.|2008-04-18|2013-04-18
2359|Alpopular S.A. Buenaventura|Impuestos y Aduanas de Buenaventura|DEP PUBL|AVENIDA PORTUARIA KM. 4 Y 5|2007-12-06|2012-12-06
2360|Algranel S.A.- B/Ventura|Impuestos y Aduanas de Buenaventura|DEP PUBL|AVENIDA LARA MUELLE PETROLERO|2008-04-15|2013-04-15
2362|O.P.P. Granelera S.A. Soc Port.B/Ventura|Impuestos y Aduanas de Buenaventura|DEP PUBL|TERMINAL MARITIMO. SOC.PORTUARIA.|2008-09-08|2017-04-24
2363|C.I. De Azucares Y Mieles S.A Ciamsa|Impuestos y Aduanas de Buenaventura|DEP PUBL|CALLE 7A No. 18A-78.|2008-03-04|2013-03-04
2364|Julio Barreneche-Almacol Planta.1.B/Tura|Impuestos y Aduanas de Buenaventura|DEP PUBL|AVENIDA PORTUARIA EDIF ALMACOL PLANTA #1|2008-07-10|2013-07-10
2365|Graneles S.A. En Concordato|Impuestos y Aduanas de Buenaventura|DEP PUBL|SOC.PORTUARIA REGIONAL BODEGA12.MUELLE11|1994-04-13|2013-10-14
2366|Soc.Port.Regional B/Tura S.A.|Impuestos y Aduanas de Buenaventura|DEP PUBL|AVENIDA PORTUARIA EDIF. ADMON.|2008-08-08|2017-07-25
2371|Alandino Ltda.- Ipiales - Carrera 7.|Impuestos y Aduanas de Ipiales|DEP PUBL|CARRERA 7 No. 30-130 INTERIOR 2.|2008-08-01|2013-08-01
2373|Alpopular S.A.Ipiales Calle 19|Impuestos y Aduanas de Ipiales|DEP PUBL|CALLE 19 No.24-26 INTERIOR AVDA PANAMERICNA|2005-07-13|2013-10-31
2374|Almafrontera Ltda. - Ipiales- Cra.1|Impuestos y Aduanas de Ipiales|DEP PUBL|CARRERA.1No. 0-69.PANAMERICANA KM. 1|2008-08-29|2013-08-29
2375|Atemco Almacenamientos Temporales Ltda.|Impuestos y Aduanas de Ipiales|DEP PUBL|CARRERA.1 NORTE 5E-95 AV. PANAMERICANA|2008-09-02|2012-11-30
2377|Bodegas Asociadas Ltda|Impuestos y Aduanas de Ipiales|DEP PUBL|v√≠a perimetral las cruces en la calle 3 Este No. 2-732|2006-01-31|2016-02-07
2378|Alpopular S.A.Ipiales Calle 17|Impuestos y Aduanas de Ipiales|DEP PUBL|CALLE 17 No. 7-35 OFICINA 11-09|2008-10-10|2012-11-30
2379|COOPERATIVA MULTIACTIVA DE INTRODUCTORES Y COMERCIALIZADORES DE HIDROCARBUROS Y SUS DERIVADOS DE LOS INDIGENAS Y NO INDIGENAS DE LA FRONTERA COLOMBO-VENEZOLANA|Impuestos y Aduanas de Maicao|DEP PRIV|KILOMETRO 2 VIA PARAGUACHON|1991-11-19|9999-12-31
2381|COMERCIALIZADORA ZAPATA Y HENRIQUEZ S.A.|Impuestos y Aduanas de Urab√°|DEP PUBL|CORREGIMIENTO DE ZUNGO|2003-06-25|2014-06-10
2382|BANAGRICOLA S.A.|Impuestos y Aduanas de Urab√°|DEP PUBL|CORREGIMIENTO NUEVA COLONIA|2008-05-27|2013-05-27
2384|C.I. UNION DE BANANEROS DE URABA S.A. - UNIBAN|Impuestos y Aduanas de Urab√°|DEP PUBL|CANAL DE ZUNGO MUNICIPIO CAREPA|2008-07-31|2013-07-31
2385|CORRUGADOS DEL DARIEN S. A. CORDARIEN S.A.|Impuestos y Aduanas de Urab√°|DEP PUBL|KILOMETRO 2 V√çA A TURBO|2008-12-23|2012-11-30
2386|INVERSIONES ARIZONA LTDA|Impuestos y Aduanas de Urab√°|DEP PUBL|CARRERA 13 No. 96-50 BARRIO OBRERO|2008-10-21|2013-10-21
2387|ORGANIZACION TERPEL S.A.|Delegada de Impuestos y Aduanas de Puerto Carre√±o|DEP  PRIV COMB|Tranversal 14 No.8-46 Barrio Antonio Nari√±o|1991-11-19|9999-12-31
2388|ORGANIZACION TERPEL S.A.|Delegada de Impuestos y Aduanas de Puerto Carre√±o|DEP  PRIV COMB|Calle 26 No. 5-72 Barrio la Primavera segunda etapa, v√≠a al Paujil|1991-11-19|9999-12-31
2390|ZF PERMANENTE ESPECIAL MAQUILAGRO|Aduanas de Bogot√°|ZONA FRANCA|CRA 9a No. 97A-53 oficina 201|2007-12-20|2022-12-17
2391|ZF PERMANENTE ESPECIAL CERVECERIA DEL VALLE S.A.|Aduanas de Cali|ZONA FRANCA|LOTE No.5 ARROYOHONDO CLLE 15 CRA 25 YUM|2007-12-21|2022-12-21
2392|PARQUE AGROINDUSTRIAL DEL MAGDALENA MEDIO S.A.|Aduanas de Bogot√°|ZONA FRANCA|Carrera 11 No. 82-01 oficina 1001|2007-11-13|2022-11-13
2393|ZF PERMANENTE ESPECIAL BIO D FACATATIVA|Aduanas de Bogot√°|ZONA FRANCA|TER DE COMBUSTIBLES SABANA MANSILLAFACA|2007-11-23|2022-11-23
2394|ZF INDUSTRIAL DE BSS Y DE SS CIUDADELA SALUD S.A.|Aduanas de Bogot√°|ZONA FRANCA|AUT NORTE 109 20 P 4|2007-11-29|2030-02-28
2395|ZF PERMANENTE PLIC S.A.|Aduanas de Bogot√°|ZONA FRANCA|Cra 15 No 98 26   P 6|2008-02-14|2023-02-14
2396|INTEXZONA S. A. USUARIO OPERADOR DE ZONA FRANCA|Aduanas de Bogot√°|ZONA FRANCA|Cra 7 No 74 56 P 13|2008-03-05|2023-03-05
2397|ZF PERMANENTE ESPECIAL AGROINDUSTRIAS DEL CAUCA|Aduanas de Cali|ZONA FRANCA|Via Pto Tej Guachene Im Ingenio la Caba√±a|2008-01-08|2023-01-08
2398|ZF PERMANENTE PARQUE INDUSTRIAL DEXTON|Aduanas de Cartagena|ZONA FRANCA|KM 11 Via Mamonal|2008-01-23|2023-01-23
2401|ZONA FRANCA PERMANENTE ESPECIAL KCAG|Aduanas de Medell√≠n|ZONA FRANCA|VDA CANAAN|2008-07-16|2023-02-19
2402|BIOCOMBUSTIBLES SOSTENIBLES DEL CARIBE S.A.|Impuestos y Aduanas de Santa Marta|ZONA FRANCA|Carrera 1C No. 22-58 Piso 11|2007-12-19|2022-11-09
2403|ZF PERMANENTE LA CAYENA -ZOFRACAR|Aduanas de Barranquilla|ZONA FRANCA|Carrera 49C No.75-85|2007-10-26|2022-10-26
2404|ALMACENADORA GRAN COLOMBIA S.A.|Impuestos y Aduanas de Maicao|DEP PUBL|CORR PARAGUACHON|2008-03-26|2013-03-26
2405|ALMACENADORA CABO DE LA VELA SA C.22980|Impuestos y Aduanas de Maicao|DEP PUBL|CALLE 21 No. 11 - 81|2008-04-08|2013-04-08
2406|Almaviva S.A. Bogota - La Estancia|Aduanas de Bogot√°|DEP PUBL|CRA 123 No.13D-38 BOD 6 P.IND LA ESTANCIA|2007-11-15|2012-11-15
2407|PRECOARTE S.A.|Aduanas de Bogot√°|DEP FRANCO|MUELLE INTERNACIONAL LOCAL 003 AEROPUERTO EL DORADO|2008-09-01|9999-12-31
2408|AVIANCA. AEROVIAS EL CONTINENTE AMERICANO. MUELLE INTERNAL EL DORADO|Aduanas de Bogot√°|PROV ABORDO |MUELLE INTERNACIONAL AEROPUERTO EL DORADO|2008-09-01|2016-06-07
2409|AVIANCA. AEROVIAS DELCONTINENTE AMERICANO S.A. MUELLE NACIONAL EL DORADO|Aduanas de Bogot√°|DEP FRANCO|MUELLE NACIONAL AEROPUERTO EL DORADO|2008-09-01|9999-12-31
2410|DFASS COLOMBIA LTDA.|Impuestos y Aduanas de Pereira|DEP FRANCO|SALA INTERNACIONA AEROPUE. INTERNACIONAL MATECA√ëA|2008-09-01|9999-12-31
2411|ZONA FRANCA TAYRONA S.A.|Impuestos y Aduanas de Santa Marta|ZONA FRANCA|CL 26 A 3 55 OF 504 ED PRADO PLAZA|2008-05-21|2023-05-21
2412|ZONA FRANCA PERMANENTE DE URABA S.A.U.|Impuestos y Aduanas de Urab√°|ZONA FRANCA|CARR APARTADO BOMBA MOBIL NUMERO DOS|2008-07-02|2023-07-02
2413|CORPORACION DE FERIAS Y EXPOSICIONES SA USUARIO OPERADOR DE ZONA FRANCA|Aduanas de Bogot√°|ZONA FRANCA|CR 37 24 67|2008-07-08|2023-07-08
2414|ZONA FRANCA  LAS AMERICAS  SA|Impuestos y Aduanas de Santa Marta|ZONA FRANCA|CR 1 N O 22 58 P 11 ED BAHIA CENT|2008-07-01|2023-07-01
2415|ECODIESEL COLOMBIA S.A|Impuestos y Aduanas de Bucaramanga|ZONA FRANCA|CR 27 48 43 OF 102 ED TEUSACA BARRAN|2008-07-22|2023-07-22
2417|PEPSICO ALIMENTOS Z.F. LTDA.|Aduanas de Bogot√°|ZONA FRANCA|VDA LAFLORIDACORREDOR IND KM 3 FUNZA|2008-07-31|2023-07-31
2418|ALMACENES GENERALES DE DEPOSITO ALMAGRARIO S A|Impuestos y Aduanas de Riohacha|DEP PUBL|CR SEPTIMA 71 52 P 9 TO A|2008-07-24|2013-07-24
2419|CONTINENTAL MAIL EXPRESS CO. LTDA COMEX CO. LTD|Aduanas de Cali|TRAFICO POSTAL|AV 4 N 38 N 76|2007-11-15|2012-11-15
2422|OPP GRANELES S.A.|Impuestos y Aduanas de Buenaventura|DEP PUBL|CALLE 6 No.19B-94|2008-06-11|2012-11-30
2423|BANAGRICOLA S.A. ZUNGO|Impuestos y Aduanas de Urab√°|DEP PUBL|CL 26 SUR 48 12|2008-06-12|2013-06-12
2424|PALERMO SOCIEDAD PORTUARIA S.A|Aduanas de Barranquilla|DEP PUBL|CORREGIMIENTO DE PALERMO SITIO NUEVO|2008-07-10|2013-07-10
2425|ROLDAN Y CIA LTDA|Aduanas de Medell√≠n|DEP PUBL|CARRERA 42No. 66A-25 BOD. 13 Y 14|2008-08-14|2013-08-14
2427|FEDCO S A|Aduanas de Barranquilla|DEP PRIV|CALLE 79N No.75-460|2008-11-01|2013-03-06
2428|GABRIEL DE COLOMBIA S.A.|Aduanas de Bogot√°|DEP PRIV TRANSF|CALLE 12A No.43-41|2008-12-01|2017-08-09
2429|ANDINA TRIM S A|Aduanas de Cartagena|DEP PRIV PROC I|TV 49 11 50|2008-12-01|9999-12-31
2431|ECOFERTIL S.A.|Impuestos y Aduanas de Buenaventura|DEP PRIV|CALLE 7 CON CARRERAS 18 A - 19 E|2008-08-12|2016-01-21
2432|PAUL CALLEY S A|Aduanas de Bogot√°|ZONA FRANCA|VDA CANAVITA LT SAN ANDRES|2008-07-21|2023-07-21
2433|SIEMENS MANUFACTURING S.A.|Aduanas de Bogot√°|ZONA FRANCA|CR 65 11 83|2008-07-28|2023-07-28
2434|ACERIAS PAZ DE RIO S A EN EJECUCION DE ACUERDO DE REESTRUCTURACION|Aduanas de Bogot√°|ZONA FRANCA|CL 100 13 21 OF 601|2008-09-29|2023-09-29
2435|SOCIEDAD PORTUARIA REGIONAL DE SANTA MARTA S.A|Impuestos y Aduanas de Santa Marta|ZONA FRANCA|CR PRIMERA 10 A 12|2008-12-26|2023-12-26
2436|ALMACENES Y TALLERES MOTO PRECISION S.A.|Aduanas de Medell√≠n|DEP PRIV|CL 73 A 45 71|2008-08-01|2013-08-01
2437|PROMOTORA NACIONAL DE ZONAS FRANCAS S.A.(ZF DE RIONEGRO)|Aduanas de Medell√≠n|ZONA FRANCA|ZF VEREDA CHACHAFRUTO RIONEGRO|2008-02-21|2023-12-26
2438|FUERZA AEREA COLOMBIANA COMANDO FAC|Aduanas de Bogot√°|DEP PRIV|AEROPUERTO EL DORADO BASE MILITAR CATAM|2006-05-11|2016-05-20
2439|UNIPLES S.A.|Aduanas de Medell√≠n|DEP PRIV|CR 46   48  C SUR   40 BG  105 ENVIGADO|2008-02-27|2013-02-27
2441|C.C..G  CARGO  EXPRESS  E.U.|Aduanas de Bogot√°|TRAFICO POSTAL|CRR 73 A No.49A-97|2008-03-03|2013-03-03
2442|C.C..G  CARGO  EXPRESS  E.U.|Aduanas de Medell√≠n|TRAFICO POSTAL|CALLE 49 No. 80-30|2008-07-14|2013-07-14
2445|REFINERIA DE CARTAGENA S.A.|Aduanas de Cartagena|ZONA FRANCA|BRR MAMONAL CARR PASACABALLOS KM  12|2008-12-10|2023-10-11
2446|PALERMO SOCIEDAD PORTUARIA S.A|Aduanas de Barranquilla|DEP PUB APOYO|CORREGIMIENTO PALERMO MUN SITIO NUEVO|2008-12-15|2013-12-15
2447|ASECOEXPRESS LTDA|Aduanas de Bogot√°|TRAFICO POSTAL|CR 74 B   55   70|2008-06-06|2014-05-27
2448|SERVIKOM LTDA|Aduanas de Bogot√°|DEP PRIV TRANSF|AV EL DORADO   78   20 BRR BOGOTA COTA|2008-10-22|2013-10-22
2449|GYPLAC S.A.|Aduanas de Cartagena|ZONA FRANCA|KILOMETRO 6 VIA A MAMONAL|2008-01-24|2023-01-24
2451|IBERIA LINEAS AEREAS DE ESPA√ëA S.A.|Aduanas de Bogot√°|PROV ABORDO |TRANSV. 93 N¬∫52A-96 GATEGOURMET COLOMBIA|2008-04-08|2013-04-08
2452|AEROVIAS DEL CONTINENTE AMERICANO S.A. AVIANCA|Aduanas de Bogot√°|PROV ABORDO |CENTRO ADMINISTRATIVO AVDA EL DORADO9330|2006-04-24|2015-07-06
2454|AMERICAN AIRLINES INC SUCURSAL COLOMBIANA|Aduanas de Bogot√°|PROV ABORDO |RAMPA INTERNACIONAL CHARLIE 6|2008-10-24|2013-10-24
2456|AIR COMET  S.A    SUCURSAL  COLOMBIA|Aduanas de Bogot√°|PROV ABORDO |CRA 103 No.25B-74 AEROSERVICIOS|2008-10-31|2013-10-31
2457|DELTA AIR LINES INC. SUCURSAL DE COLOMBIA|Aduanas de Bogot√°|PROV ABORDO |CRA. 103 N¬∫ 25B-74 AEROSERVICIOS|2009-01-30|2014-01-30
2458|AMERICAN AIRLINES INC SUCURSAL COLOMBIANA|Aduanas de Cali|PROV ABORDO |AEROPUERTO ALFONSO BONILLA LOCAL 1209|2007-03-13|2016-03-09
2460|BAYER CROPSCIENCE S.A.|Aduanas de Barranquilla|DEP PRIV PROC I|CARRERA 50 CALLE 8|2008-10-01|2013-10-01
2463|RIDUCO S.A.|Impuestos y Aduanas de Manizales|DEP PRIV TRANSF|CR 32   107    17|2007-11-21|2012-11-21
2464|CUPERZ S A|Aduanas de Bogot√°|DEP PRIV TRANSF|TV 32C   22 B    64|2008-04-17|2014-07-17
2465|ESPUMLATEX S A|Aduanas de Medell√≠n|DEP PRIV TRANSF|CALLE 46 No.41-69 BODEGAS E1 E7 ITAGUI|2009-01-14|2013-01-05
2466|HINO MOTORS MANUFACTURING COLOMBIA S.A.|Aduanas de Bogot√°|DEP PRIV TRANSF|KILOMETRO 1.5 VIA SIBERIA COTA AL NORTE|2008-08-15|2013-08-15
2467|BUNDY COLOMBIA S.A.|Aduanas de Bogot√°|DEP PRIV TRANSF|CR 13 A   6   98 PAR (!) INDUSTRIAL MONT|2008-09-30|2013-09-30
2468|ESPUMLATEX S A|Aduanas de Bogot√°|DEP PRIV TRANSF|KM. 3 VIA FUNZA A SIBERIA PARQUE IND.GAL|2008-08-26|2013-08-26
2469|APSA GROUP - AUTOMOTIVE PLASTICS S.A.|Aduanas de Bogot√°|DEP PRIV TRANSF|VIA CAJICA ZIPAQUIRA KM 4|2008-10-14|2013-10-14
2473|INDUSTRIAS METALURGICAS UNIDAS S.A.|Aduanas de Medell√≠n|DEP PRIV DI INT|CL 50   53   107|2008-09-18|2013-09-18
2476|CROWN COLOMBIANA S.A.|Aduanas de Bogot√°|DEP PRIV|VDA TIBITO VIA AUTODROMO DE TOCANCIPA A|2007-06-19|2017-07-03
2477|SOLLA S.A|Aduanas de Cali|DEP PRIV|CR 49 A 24 A 34 MUNICIPIO DE BUGA CARRET|2007-11-14|2016-01-16
2478|LLOREDA S.A.|Aduanas de Cali|DEP PRIV|CALLE 15  28 370 YUMBO|2007-12-14|2012-12-14
2479|CONQUIMICA S.A.|Aduanas de Cali|DEP PRIV|CALLE 15 No.32-571 Bod 2 Autop CaliYumbo|2008-07-24|2013-07-24
2480|MAKRO COMPUTO S.A.|Aduanas de Bogot√°|DEP PRIV|KM 2 (!) PUNTO 5 VIA COTA BG 1 Y 2 PAR I|2007-12-21|2013-01-02
2481|CHALLENGER S.A.|Aduanas de Bogot√°|DEP PRIV|DG  25 G   94   55|2008-04-23|2013-04-23
2482|C.I.EXPOFARO S.A.|Aduanas de Medell√≠n|DEP PRIV|CR 52   29 A   111 LC 211|2008-05-27|2013-05-27
2483|ATLAS COPCO COLOMBIA LTDA.|Aduanas de Bogot√°|DEP PRIV|CR 85 D    46 A   65 BG 6|2008-05-12|2013-05-12
2484|TECNOLOGIA EN CUBRIMIENTO S A|Impuestos y Aduanas de Manizales|DEP PRIV|KM 9 VIA AL MAGDALENA|2008-09-08|2013-09-08
2485|QUIMPAC DE COLOMBIA S.A|Impuestos y Aduanas de Buenaventura|DEP PRIV|AVENIDA COLPUERTOS No.18A-97|2009-02-19|2014-02-19
2486|GERMAN GAVIRIA S Y CIA LTDA DISTRIMOTOS|Impuestos y Aduanas de Pereira|DEP PRIV|AVENIDA 30 DE AGOSTO 83-15|2009-01-30|2014-01-30
2487|ZONA FRANCA ARGOS S.A.S.|Aduanas de Cartagena|ZONA FRANCA|ZN INDUSTRIAL MAMONAL KM 7|2008-01-18|2023-01-18
2488|VIDRIO ANDINO S A|Aduanas de Bogot√°|ZONA FRANCA|CR 7   26   20 P 18|2008-11-11|2024-12-17
2489|ZONA FRANCA DE  OCCIDENTE S.A USUARIO OPERADOR|Aduanas de Bogot√°|ZONA FRANCA|KM 1 VTE MOSQUERA|2008-12-29|2023-12-29
2490|ZONA FRANCA DEL EJE CAFETERO S.A|Impuestos y Aduanas de Armenia|ZONA FRANCA|KILOMETRO 13 VIA ARMENIA LA TEBAIDA QUIN|1996-10-30|2026-10-30
2491|C.I. PROMOTORA BANANERA S.A.|Aduanas de Medell√≠n|DEP PUBL|CL 16 B SUR   42   97|2008-05-12|2013-05-12
2492|OPERADORA LOGISTICA DE SANTA MARTA S.A. OPERLOG S.A.|Impuestos y Aduanas de Santa Marta|DEP PUBL|CR 1   10 A 12 ARACATACA|2009-03-02|2014-03-02
2494|CORREOS ESPECIALIZADOS DE COLOMBIA CESCOL LTDA|Aduanas de Bogot√°|TRAFICO POSTAL|TV 88 C   80 A   64|2007-08-08|2014-05-28
2495|CARGO ZONE ETC  Y CIA LTDA|Aduanas de Bogot√°|TRAFICO POSTAL|TV 88 C 80 A 69|2008-01-18|2013-01-18
2496|ULTRA CARGO EXPRESS LIMITADA|Aduanas de Bogot√°|TRAFICO POSTAL|CARRERA  74 A   52 A   40 BRR NORMANDIA|2008-01-16|2013-01-16
2497|SUMA CORP LTDA|Aduanas de Bogot√°|TRAFICO POSTAL|CL 25 F   85 B   35 P 2|2008-02-21|2013-02-21
2498|24 EXPRESS S.A|Aduanas de Cali|TRAFICO POSTAL|AV 5B Norte  No. 22 N   36 local 1y2|2008-09-26|2013-02-11
2499|AVIAEXPRESS LTDA|Aduanas de Bogot√°|TRAFICO POSTAL|CL 24   B   102   22 BRR FONTIBON|2008-02-27|2013-02-27
2500|J L M EXPRESS LTDA|Aduanas de Barranquilla|TRAFICO POSTAL|CL 45   18    45|2008-05-02|2013-04-01
2501|J &  G  BUSINESS  COURIER S.A.|Aduanas de Cali|TRAFICO POSTAL|AV 4 N   23 N   01|2008-03-19|2013-03-19
2502|ABC CARGO EXPRESS S.A.|Aduanas de Bogot√°|TRAFICO POSTAL|AV CL 24   95   12 BG 45 PAR INDUSTRIAL|2008-04-22|2013-04-22
2503|EMPRESA NACIONAL DE MENSAJERIA PEGAEXPRESS LTDA|Aduanas de Bogot√°|TRAFICO POSTAL|AV CALLE 100   60   04   CC MASTER CENTE|2008-05-09|2013-05-09
2504|ITC LATINAMERICA EXPRESS LTDA|Aduanas de Bogot√°|TRAFICO POSTAL|CL 25 C   BIS   99   55 BRR FONTIBON|2008-04-30|2013-04-30
2505|CARGONET USA S.A.|Aduanas de Barranquilla|TRAFICO POSTAL|CR 51 B   82   254 P 5 OF 77|2008-06-04|2013-06-04
2506|SIN FRONTERAS COURRIER LTDA|Aduanas de Bogot√°|TRAFICO POSTAL|CR 73 A   51 A   73|2008-07-09|2013-07-09
2507|LATINCOURIER E.U.|Aduanas de Cali|TRAFICO POSTAL|AV 6 N   37 N   25 LC 2   214  CHIPICHAP|2008-09-10|2013-09-10
2508|WORLD COURIER DE COLOMBIA S.A.|Aduanas de Bogot√°|TRAFICO POSTAL|CARRERA 96HBIS No. 15A-25 PISO 2|2008-10-15|2013-10-15
2509|PREMIER GLOBAL SERVICE LIMITADA|Aduanas de Bogot√°|TRAFICO POSTAL|CL 22 K   102   85|2009-01-14|2014-01-14
2510|OPP GRANELES S.A.|Impuestos y Aduanas de Buenaventura|DEP PUBL|SOC.PORTUARIA REGIONAL BODEGA12.MUELLE11|2008-10-14|2013-10-14
2511|TERMINAL DE CONTENEDORES DE CARTAGENA S A|Aduanas de Cartagena|ZONA FRANCA|KM 1 VIA A MAMONAL|2008-12-31|2038-12-31
2512|CADBURY ADAMS COLOMBIA S.A.|Aduanas de Cali|DEP PRIV|CR 35 No.16-80 BODEGA 6 C LOGISTICO YUMB|2009-02-10|2014-02-10
2513|GENERAL DE EQUIPOS DE COLOMBIA S A GECOLSA|Aduanas de Barranquilla|DEP PRIV|AUTOPISTA AL AEROPUERTO CARRERA 19|2008-12-09|2013-12-09
2514|CONTINENTAL AIRLINES INC|Aduanas de Bogot√°|PROV ABORDO |LOCAL 1221A AEROPTO INTERNAL EL DORADO|2006-03-06|2015-06-21
2515|TOYOTA DE COLOMBIA S.A.|Aduanas de Bogot√°|DEP PRIV|CR   7   71   52   TO A   P 13|2009-04-02|2014-04-16
2516|SOCIEDAD SENDEXPRESS LTDA|Aduanas de Bogot√°|TRAFICO POSTAL|CALLE 52 A No.80A-58|2007-09-25|2014-12-28
2517|BAVARIA S.A.|Aduanas de Bogot√°|DEP PRIV|AVENIDA BOYACA No.9-02|2007-03-27|2017-03-22
2518|COLOMBINA DEL CAUCA S A|Aduanas de Cali|ZONA FRANCA|PAR INDUSTRIAL EL PARAISO KM 2 VIA SAN J|2009-03-31|2024-03-31
2519|TERMOFLORES S.A. E.S.P.|Aduanas de Barranquilla|ZONA FRANCA|ZONA INDUSTRIAL DEL DISTRITO ESPECIAL IN|2009-04-15|2024-04-15
2520|ALPOPULAR ALMACEN GENERAL DE DEPOSITOS S.A.|Aduanas de Bogot√°|DEP PUBL|CALLE 25 D No. 95 A 72- 80|2009-03-11|2014-03-11
2521|ALPOPULAR ALMACEN GENERAL DE DEPOSITOS S.A.|Aduanas de Bogot√°|DEP PUBL|CL 17   7   35 OF 1109|2009-02-19|2014-02-19
2522|ALMAVIVA S. A.  - FUNZA|Aduanas de Bogot√°|DEP PUBL|CTERA. CENTRAL DE OCCID. V√çA FONT.MOSQUE|2009-05-05|2014-05-05
2523|SNIDER & CIA S.A. COTA|Aduanas de Bogot√°|DEP PUBL|VEREDA VUELTA GRANDE A 150 MT GLORIETA|2009-05-18|2014-05-18
2524|SOCIEDAD DE FABRICACION DE AUTOMOTORES S A SOFASA S A|Aduanas de Medell√≠n|DEP PRIV|CARRERA 49 No. 39 SUR - 100|2009-05-14|2014-05-14
2527|IMPORTACIONES EL DORADO S A  LOCAL   LMI-001|Aduanas de Bogot√°|DEP FRANCO|LOCAL   LMI-001 AEROPTO INTERNAL EL DORADO|2008-04-29|2013-04-29
2528|PROMOTORA DE CAFE COLOMBIA SA|Aduanas de Cali|DEP FRANCO|LOCAL 2233 PARTE ALTA DEL SATELITE INTERNACIONAL D|2008-09-30|2013-09-30
2530|IN BOND GEMA S.A.(LOCAL  N¬∫ 2221A)|Aduanas de Bogot√°|DEP FRANCO|MUELLE INTERNAL EL DORADO LOCAL  N¬∫ 2221A|2001-03-02|2014-04-03
2532|DIAN-LETICIA|Impuestos y Aduanas de Leticia|DEP PUBL|CARRERA 11 No 8 - 25|2009-06-04|9999-12-31
2536|MADECENTRO COLOMBIA S.A.|Aduanas de Cali|DEP PRIV PROC I|CARRERA 15 No.17-28 BODEGA 2 YUMBO|2009-05-26|2014-06-03
2537|SOCIEDAD AIR FRANCE|Aduanas de Bogot√°|PROV ABORDO |AEROP INTERNAL EL DORADO BOD L-96|2009-03-13|2014-03-13
2540|SERVICIOS POSTALES NACIONALES S.A|Aduanas de Cali|TRAFICO POSTAL|Avenida    3N No. 52N-33|2009-06-26|9999-12-31
2541|SERVICIOS POSTALES NACIONALES S.A|Aduanas de Barranquilla|TRAFICO POSTAL|Calle       30   No. 13C-07|2009-06-26|9999-12-31
2542|SERVICIOS POSTALES NACIONALES S.A|Aduanas de Bogot√°|TRAFICO POSTAL|DG 25 G   95 A   55|2009-05-21|9999-12-31
2543|OPERADORA LOGISTICA DE SANTA MARTA S.A. OPERLOG S.A.|Impuestos y Aduanas de Santa Marta|DEP PUBL|CR 1   10 A 12|2009-06-05|2014-06-16
2544|SERVICIOS POSTALES NACIONALES S.A|Aduanas de Medell√≠n|TRAFICO POSTAL|Carrera   64C No. 72  -20|2009-06-26|9999-12-31
2549|SCHNEIDER ELECTRIC DE COLOMBIA S.A|Aduanas de Bogot√°|DEP PRIV|CALLE 25D BIS CRA 102A BODEGA 1|2009-05-19|2013-05-19
2550|TELEMARK SPAIN S.L SUCURSAL COLOMBIA|Impuestos y Aduanas de Pereira|ZONA FRANCA|AV 30  DE AGOSTO   38   33|2009-07-09|2024-07-09
2551|PUERTA DE LAS AMERICAS ZF S.A. USUARIO OPERADOR DE ZONA FRANCA|Aduanas de Cartagena|ZONA FRANCA|CORREG. PONTEZUELA KM 12 AUTOP CAR- BQ|2009-01-21|2014-01-21
2552|TEXTRON S.A.|Aduanas de Bogot√°|DEP PRIV|CL 17 A   42 B   59|2009-04-16|2014-04-16
2553|QUIMICA INTERNACIONAL S A QUINTAL S A|Aduanas de Barranquilla|DEP PRIV PROC I|VIA 40   77 B   20|2008-10-27|2014-10-27
2694|NEXANS COLOMBIA S.A.|Impuestos y Aduanas de Bucaramanga|DEP PRIV|CR 29 A 34 A 403 BRR EL LLANITO|2009-08-10|2014-08-09
2706|DISTRIBUIDORA COLOMBIANA DE SENTIMIENTOS DE BELLEZA S.A|Aduanas de Bogot√°|DEP FRANCO|AEROPUERTO EL DORADO MUELLE INTERNACIONAL LOCAL N¬∫ LMI 009 PISO 2¬∫|2009-04-22|2014-04-22
2707|MUELLES  EL BOSQUE  OPERADORES PORTUARIOS  S   A|Impuestos y Aduanas de Buenaventura|DEP PUBL|CARRERA 18 BARRIO SECTOR MUELLE PETROLERO|2009-07-27|2014-07-28
2715|JOHNSON & JOHNSON DE COLOMBIA S.A.|Aduanas de Bogot√°|DEP PRIV|CARRERA 69 No.19A-71 BODEGA 4|2009-08-26|2014-08-25
2720|MASTERFOODS COLOMBIA LTDA.-EFFEM COLOMBIA LTDA.|Aduanas de Barranquilla|DEP PRIV|KM 3 VIA MALAMBO PIMSA CL 1  CR 1   1 P|2009-08-28|2014-08-28
2721|ZONA FRANCA DE MARINILLA|Impuestos y Aduanas de Buenaventura|ZONA FRANCA|BAHIA BUENAVENTURA ESTERO AGUACATE|2007-06-22|2037-06-22
2722|IN BOND DAVID S  S.A(Local LMI004)|Aduanas de Bogot√°|DEP FRANCO|Local LMI004 .AEROPTO INTERNAL EL DORADO|2008-04-29|2013-04-29
2723|EL VIAJERO INTERNACIONAL LIMITADA (Local 2275)|Aduanas de Bogot√°|DEP FRANCO|AEROPUERTO INTERNAL EL DORADO LOCAL  2275 |2006-01-18|2014-06-08
2725|CARVAJAL PULPA Y PAPEL S.A.S. ZONA FRANCA PERMANENTE ESPECIAL|Aduanas de Cali|ZONA FRANCA|KM 6  VIA YUMBO AEROPUERTO|2009-05-12|2014-05-12
2728|ADHESIVOS INTERNACIONALES S A  ADHINTER|Aduanas de Cali|DEP PRIV PROC I|CL 39   1   112 BRR SANTANDER|2009-08-27|2014-08-27
2729|COMERCIALIZADORA INTERNACIONAL TEQUENDAM|Impuestos y Aduanas de Santa Marta|DEP PRIV PROC I|CR 1   22   58 P 11 ED BAHIA CENTRO|2009-02-23|2014-02-23
2733|DURESPO S A|Aduanas de Medell√≠n|DEP PRIV|CR 70   44 B   72|2009-05-19|2014-05-19
2735|INTERNATIONAL COURIER ON TIME S.A.|Aduanas de Bogot√°|TRAFICO POSTAL|CARRERA 100 No.24D-14|2009-09-02|2014-09-02
2736|INTERNATIONAL COURIER ON TIME S.A.|Aduanas de Cali|TRAFICO POSTAL|CARRERA 5 No.17-47|2009-09-02|2014-09-02
2737|PAPELES DEL CAUCA S.A.|Aduanas de Cali|ZONA FRANCA|CARR CALI - PUERTO TEJADA  200 M T ADL P|2009-10-20|2024-10-20
2740|IN-BOND LICORES DE COLOMBIA LTDA.|Impuestos y Aduanas de Buenaventura|DEP FRANCO|RECINTOS SOCIEDAD PORTUARIA REGIONAL DE BUENAVENTURA S.A. FRENTE A LA BODEGA DE QUIMICOS|2008-07-28|2013-07-27
2746|DATECSA S.A.|Aduanas de Cali|DEP PRIV|CR 40   12 A 79 URB ACOPI|2009-11-30|2014-11-30
2749|UNITED MOTORS DE COLOMBIA E.U.|Aduanas de Bogot√°|DEP PRIV TRANSF|CR 92     64 C   12|2009-11-09|2014-11-09
2750|PROMOTORA NAL DE ZONAS FRANCAS S.A.HSANV|Aduanas de Medell√≠n|ZONA FRANCA|ZF VDA CHACHAFRUTO|2009-07-27|2014-07-27
2751|ZONA FRANCA PERMANENTE DEL CAUCA|Aduanas de Cali|ZONA FRANCA|CR 106  15A25 JURISDICCION MPIOS CALOTO|2009-12-28|2024-12-29
2752|ALPOPULAR ALMACEN GENERAL CARTAGENA|Aduanas de Cartagena|DEP PUBL|Z. INDUS. MAMONAL KM. 6 CARRE. COSTIQUE|2009-11-23|2014-11-23
2753|PROTISA COLOMBIA S.A.|Aduanas de Bogot√°|ZONA FRANCA|CL 113   7   45  (!) TELEPORT BUSINESS P|2009-12-07|2024-12-07
2754|Z. F. PERMANEN SANTANDER S.A. USU. OPERA|Impuestos y Aduanas de Bucaramanga|ZONA FRANCA|CL 36   26   48 IN 110 OF  302  CENTRO E|2009-11-30|2014-11-30
2757|BELLOTA COLOMBIA S.A. COMERCIALIZADORA I|Impuestos y Aduanas de Manizales|DEP PRIV|PAR INDUSTRIAL JUANCHITO TERRAZA   8|2009-12-15|2013-12-15
2764|ZF DE BOGOTA SA USU OPE ZF PRAXAIR GASES|Aduanas de Bogot√°|ZONA FRANCA|PAQ. INDUSTRIAL GRANSABANA MUNICIPIO TOC|2009-12-30|2024-12-30
2765|ZFPE CLINICA LOS NOGALES - UOZF BQLLA|Aduanas de Bogot√°|ZONA FRANCA|TRANSV  23 No.94A-39|2009-12-30|2039-12-30
2766|ZFPE ECONTACT ECONTACT - UOZF PACIFICO|Impuestos y Aduanas de Manizales|ZONA FRANCA|CALLE 48 Y 48 A CARRERA 28 Y 29|2010-01-08|2024-01-08
2768|HALLIBURTON LATIN AMERICA S.A.|Aduanas de Bogot√°|DEP PRIV PROC I|CR 7   71   52 P 7 TO B|2010-01-19|2015-01-18
2772|UNIPLES S.A.|Aduanas de Bogot√°|DEP PRIV|CR 46   48  C SUR   40 BG  105|2009-12-30|2014-12-30
2774|ZF PERMANENTE ESPECIAL CLINICA PORTOAZUL|Aduanas de Barranquilla|ZONA FRANCA|CR 30 AV HAMBURGO ED ADMINISTRATIVO P 4|2009-12-02|2014-12-01
2776|ZONA FRANCA DE TONCANCIPA S.A. USUARIO O|Aduanas de Bogot√°|ZONA FRANCA|CR 7    76   35 P 12|2009-06-08|2014-06-08
2778|COLECCIONES EXCLUSIVAS DE TEXTILES S. A.|Aduanas de Medell√≠n|DEP PRIV|CR 52   7 SUR    100|2009-10-29|2014-10-28
2780|SIA & CARGA S.A.|Aduanas de Bogot√°|DEP PUBL|CL 23   116   31 BG 9   10 Y 11 SEC FONT|2010-03-02|2015-03-02
2787|ZF ESPECIAL IND RENOVABLES DE COLOMBIA|Impuestos y Aduanas de Palmira|ZONA FRANCA|KM 6  VIA YUMBO AEROPUERTO|2010-02-12|2025-02-11
2810|PHARMETIQUE S.A.|Aduanas de Bogot√°|DEP PRIV|CALLE 16 N o 65 B 65|2010-05-03|2015-05-02
2811|CONTINENTE S A CODIGO 25054|Aduanas de Barranquilla|DEP PRIV|CALLE 69 VIA 40-301 BODEGA 1|2010-04-27|2015-04-26
2812|ZF PERMANENTE ESPECIAL BIOENERGY|Aduanas de Bogot√°|ZONA FRANCA|KILOMETRO 43 VIA PTO LOPEZ- PTO GAITAN|2010-03-01|2025-03-01
2815|SAPIA CI SAS|Aduanas de Medell√≠n|DEP FRANCO|AEROPUERTO INTERNACIONAL JOSE MARIA CORDOBA LOCAL 28|2010-04-09|2015-04-09
2817|AEROREPUBLICA S.A.|Aduanas de Bogot√°|PROV ABORDO |AV EL DORADO EN 1 TER AEREO SIMON BOLIVA|2010-04-12|2015-04-11
2821|ZONA FRANCA DE BOGOTA S A. UO FOSUNAB|Impuestos y Aduanas de Bucaramanga|ZONA FRANCA|calle 158 N¬∞ 20-95  - florida blanca|2010-05-26|2025-05-26
2825|UETA INC SUCURSAL COLOMBIA|Aduanas de Medell√≠n|DEP FRANCO|APTO INTNAL JOSE MA,. CORDOBA LCAL 23|2010-05-20|2015-05-20
2826|AEROREPUBLICA S.A.|Aduanas de Medell√≠n|PROV ABORDO |AEROPUERTO INTNAL JOSE MA. CORDOBA|2010-05-27|2015-07-30
2838|TRANSAIRE S.A.S|Aduanas de Bogot√°|DEP PRIV TRANSF|CR 127   22 G    15 BG 1|2010-05-05|2015-05-04
2839|MECANELECTRO S. A.|Aduanas de Bogot√°|DEP PRIV|CL 127 D   45   81|2010-04-19|2015-04-18
2840|SBT S.A.|Aduanas de Bogot√°|DEP PRIV|CL 21   69 B   06|2010-06-24|2015-06-23
2841|ZFPE SOCIEDAD PORTUARIA  BARRANQUILLA|Aduanas de Barranquilla|ZONA FRANCA|SOCIEDAD PORTUARIA REGIONAL DE BARRANQUI|2009-07-22|2029-07-22
2842|HOJALATA Y LAMINADOS S . A.  HOLASA|Aduanas de Medell√≠n|DEP PRIV PROC I|CL 17   43 F 122|2010-06-06|2015-06-06
2845|ZF PERMANENTE ESPECIAL PRODUCTOS FAMILIA|Aduanas de Bogot√°|ZONA FRANCA|CR 106       15 A   25|2010-05-12|2025-05-11
2846|SAPIA C I SAS CODIGO 80|Aduanas de Bogot√°|DEP FRANCO|LOCAL LMI012 AEROPUERTO EL DORADO|2010-07-07|2015-07-07
2847|INMOBILIARIA RTM LIMITADA|Aduanas de Medell√≠n|DEP PRIV TRANSF|Cra 49 No 39 sur 100|2010-07-16|2015-07-16
2849|ZFPE CONVERGYS CUSTOMER MANAGEMENT COLOM|Aduanas de Bogot√°|ZONA FRANCA|CL 93 11 A 11 OF 201 A 203 - 301 A 303|2010-06-16|2020-06-16
2850|SAPIA C I SAS|Aduanas de Medell√≠n|DEP FRANCO|ARPTO INTNAL JO. MA. CORDOBA LOCAL 28|2010-04-19|2015-04-19
2851|IN BOND GEMA S.A.  CODIGO 83|Aduanas de Bogot√°|DEP FRANCO|AEROPUERTO EL DORADO LOCAL 2206B|2010-07-23|2015-07-23
2852|GRUPO HER√ìICA SAS|Aduanas de Cartagena|ZONA FRANCA|CENTRO DE CONVENCIONES CARTAGENA INDIAS|2010-07-15|2012-12-07
2853|ZONA FRANCA METROPOLITANA S.A.S. USUARIO|Aduanas de Bogot√°|ZONA FRANCA|CL 72   5   83 OF 201|2010-02-10|2025-02-09
2854|ZF PERMANENTE ESPECIAL AGROINDUSTRIAL AG|Aduanas de Bogot√°|ZONA FRANCA|CR 106       15 A   25|2010-03-19|2025-03-18
2855|ZF PERMANENTE ESPECIAL  ALIMENTOS NARI√ëO|Impuestos y Aduanas de Ipiales|ZONA FRANCA|CR 106       15 A   25|2010-06-01|2025-06-01
2861|SEGAR S A|Impuestos y Aduanas de Manizales|DEP PRIV|TERRAZA II PARUQE INDUSTRIAL MANIZALES|2010-08-09|2015-08-09
2862|ZFPE PROCESADORA DE ACEITE OROROJO|Impuestos y Aduanas de Bucaramanga|ZONA FRANCA|VEREDA LA MONEJA (MUN. SABANA TORRES)|2010-07-14|2025-07-14
2864|GRUPO PORTUARIO S.A. CODIGO 24360|Impuestos y Aduanas de Buenaventura|DEP PUBL|MUELLE 13 TERMINAL MARITIMO BUENAVENTURA|2009-02-27|2014-02-27
2865|ZFPE DE SALUD DE SABANETA|Aduanas de Medell√≠n|ZONA FRANCA|CR 30 AV HAMBURGO ED ADMINISTRATIVO P 4|2010-05-06|2025-05-06
2866|ZFPE CLINICA MEGACENTRO PINARES|Impuestos y Aduanas de Pereira|ZONA FRANCA|ALD DEL AEROPUERTO ALFONSO BONILLA  ZN A|2010-08-05|2025-08-05
2868|FESTO LIMITADA|Aduanas de Bogot√°|DEP PRIV|VDA LA PUNTA  AUT MEDELLIN KM  6   3   C|2010-09-08|2015-09-08
2869|SCHNEIDER ELECTRIC DE COLOMBIA S.A|Aduanas de Bogot√°|DEP PRIV PROC I|CR 102 A   25 D   40|2010-09-08|2015-09-23
2870|OKRA LEASING INC|Aduanas de Bogot√°|DEP PRIV PROC I|CD EMPRESARIAL METROPOLITANO MD 3 BG 13|2010-08-07|2015-08-07
2873|ZONA FRANCA INTERNACIONAL DE PEREIRA S.A|Impuestos y Aduanas de Pereira|ZONA FRANCA|CR 13   13   50 CC UNIPLEX OF 402   403|2010-07-15|2015-07-15
2886|AEROREPUBLICA S.A. CODIGO 25050|Aduanas de Cartagena|PROV ABORDO |AV EL DORADO EN 1 TER AEREO SIMON BOLIVA|2010-05-07|2013-05-07
2887|AEROREPUBLICA S.A. CODIGO 25065|Aduanas de Cali|PROV ABORDO |AEROPUERTO ALFONSO BONILLA ARAGON|2010-05-18|2015-05-18
2888|AEROREPUBLICA S.A. CODIGO 26901|Impuestos y Aduanas de Pereira|PROV ABORDO |AEROPUERTO MATECA√ëA BODEGA 13 PEREIRA|2010-08-25|2015-08-25
2889|AEROREPUBLICA S.A. CODIGO 25085|Aduanas de Barranquilla|PROV ABORDO |AEROPUERTO ERNESTO CORTISSOZ BD J4 BARRA|2010-07-30|2015-07-30
2893|PROMOTORA TURISTICA DEL CARIBE S.A. PROT|Aduanas de Cartagena|ZONA FRANCA|VIA ANILLO VIAL SEC CIELO MAR|2012-05-04|2012-11-29
2898|REENCAFE S.A. CODIGO 25100|Impuestos y Aduanas de Pereira|DEP PRIV|CARRERA 16 A No 10-94/98  DOSQUEBRADAS|2010-09-16|2015-09-16
2900|ZFP ESPECIAL EXTRACTO LOMA FRESCA|Impuestos y Aduanas de Bucaramanga|ZONA FRANCA|CR 30 AV HAMBURGO ED ADMINISTRATIVO P 4|2010-09-27|2025-09-27
2901|ZFP CONJUNTO  INDUSTRIAL PARQUE SUR|Aduanas de Cali|ZONA FRANCA|ALD DEL AEROPUERTO ALFONSO BONILLA  ZN A|2010-09-18|2025-09-18
2902|COEXITO S.A.|Aduanas de Cali|DEP PRIV|CR 36    10   119 URB ACOPI|2010-10-04|2015-10-04
2904|DEUTSCHE LUFTHANSA AKTIENGESELLSCHAFT|Aduanas de Bogot√°|PROV ABORDO |CL 100   8 A   49  OF 806|2010-10-27|2015-10-27
2905|ORGANIZACION SOLARTE Y CIA. SCA  24470|Aduanas de Bogot√°|DEP PRIV|CL 12 B   35   69|2009-10-27|2014-10-27
2906|ORGANIZACION SOLARTE Y CIA. SCA  24460|Aduanas de Bogot√°|DEP PRIV|CL 12 B   35   69|2009-05-27|2014-05-27
2907|ORGANIZACION SOLARTE Y CIA. SCA 24480|Aduanas de Bogot√°|DEP PRIV|CR 1 No 12- 8 1 MADRID - CUNDINAMARCA|2009-05-27|2014-05-27
2908|SUPERPOLO S.A. CODIGO 25114|Aduanas de Bogot√°|DEP PRIV PROC I|VIA SIBERIA COTA KM 1 (!) PUNTO  6 (!) C|2010-09-28|2015-09-28
2911|ZFP ESPECIAL  AGROINDUSTRIA BIOCAFE|Aduanas de Bogot√°|ZONA FRANCA|CR 106       15 A   25|2010-10-01|2025-10-01
2913|ZFP INTERNACIONAL DEL ATLANTICO|Aduanas de Barranquilla|ZONA FRANCA|Kilometro 114 cr cordialidad entre carta|2007-12-07|2022-12-07
2914|ALMACENADORES Y COMERCIO EXTERIOR S.A. A|Aduanas de Medell√≠n|DEP PUBL|CALL 33 No 41 -139 BODEGA 3 ITAGUI|2010-11-19|2015-11-20
2915|SERVICIO AEREO TERRITORIOS NACIONALES SA|Aduanas de Bogot√°|DEP PRIV|AV EL DORADO EN UNO IN 11|2011-01-03|2015-01-03
2918|SOCIEDAD PORTUARIA TERMINAL DE CONTENEDORES DE BUENAVENTURA S.A. T.C.BUENA S.A.|Impuestos y Aduanas de Buenaventura|DEP PUBL|CARRERA 28 A No 7 - 152 KILOMETRO 5 VA A|2010-12-30|2015-12-30
2919|ZFPE COMPA√ëIA OPERADORA CLINICA HISPANOA|Impuestos y Aduanas de Pasto|ZONA FRANCA|CARRERA 41 No 19 D 147 VIVERO|2010-12-07|2025-12-07
2920|SED INTERNATIONAL DE COLOMBIA  S A S|Aduanas de Bogot√°|DEP PRIV|CR 1   7   320 KM 1 VTE CHIA-COTA|2011-01-18|2016-01-18
2924|ZONA FRANCA PARQUE CENTRAL S.A.S.|Aduanas de Cartagena|ZONA FRANCA|BRR MANGA CL 25   25   17|2010-10-25|2025-10-25
2926|MEGA BODEGAS DE NARI√ëO LTDA|Impuestos y Aduanas de Ipiales|DEP PUBL|AV PANAMERICANA NORTE CL 3 ESTE   2    1|2011-02-07|2016-02-07
2931|PRODUCTORA DE GELATINA S.A PROGEL|Impuestos y Aduanas de Manizales|DEP PRIV|PARQUE INDUSTRIAL JUANCHITO|2010-10-13|2015-10-13
2933|FABRICATO S.A. - Medell√≠n|Aduanas de Medell√≠n|DEP PRIV|CR 50   38   320   BELLO|2010-12-16|2015-12-16
2934|BAYER  S.A.                      21330|Aduanas de Barranquilla|DEP PRIV|CARRERA 50 CALLE 8 SOLEDAD|2011-03-01|2013-01-21
2935|BAYER  S.A. DPPI|Aduanas de Barranquilla|DEP PRIV PROC I|CARRERA 50 CALLE 8|2011-01-01|2013-10-01
2936|ZFPE SER. SOC. PORT. REGIONAL CARTAGENA|Aduanas de Cartagena|ZONA FRANCA|TERMINAL DE MANGA, DISTRITO TURISTICO|2011-01-07|2026-01-07
2937|ZF PERMANENTE BRISA  SA USUARIO OPERADOR|Impuestos y Aduanas de Riohacha|ZONA FRANCA|CORREGIMIENTO DE MINGUEO MUN. DIBULLA|2010-08-02|2025-08-25
2941|ALMACENES GENERALES DE DEPOSITO ALMAVIVA|Impuestos y Aduanas de Pereira|DEP PUBL|cr 8 No 34- 50/74/80/100|2011-02-10|2016-02-11
2944|COOPERATIVA DE IMPRESORES Y PAPELEROS DE|Aduanas de Medell√≠n|DEP PRIV|CL 55   67 B   63|2011-03-09|2016-03-09
2945|PLAZA MAYOR MEDELLIN CONVENCIONES Y EXPO|Aduanas de Medell√≠n|DEP TRANSITORIO|CALLE 41 55 - 35|2010-08-30|2012-12-14
2946|ZFPE CERAMICA SAN LORENZO IN DE COLOMBIA|Aduanas de Bogot√°|ZONA FRANCA|VEREDA LA CAROLINA A 1.3 KM DE L A FCA|2009-12-16|2024-12-16
2949|ALMACENES GENERALES DE DEPOSITO ALMAVIVA|Aduanas de Bogot√°|DEP PUBL|MUNICIPIO DE CHIA CUNDINAMARCA|2010-07-26|2015-07-16
2953|INVERSIONES IDERNA S.A. DE C.I. 24606|Impuestos y Aduanas de Manizales|DEP PRIV TRANSF|PAR INDUSTRIAL IDERNA LA ENEA|2011-02-10|2016-02-10
2954|ZONA FRANCA SURCOLOMBIANA SAS USUARIO OP|Aduanas de Bogot√°|ZONA FRANCA|Cra. 5 No. 10-03 Sur Zona Industrial nei|2010-12-29|2025-12-29
2956|SOCIEDAD PORTUARIA REGIONAL DE BARRANQUI|Aduanas de Barranquilla|DEP PUB APOYO|CL 1 A CR  38  TERM MARIT|2010-07-23|2015-07-23
2959|AEROVIAS DE MEXICO S.A DE C.V AEROMEXICO|Aduanas de Bogot√°|PROV ABORDO |TR 93 No 52 A 96 GATE GOURMET LTDA|2011-02-24|2016-02-24
2960|SCHNEIDER ELECTRIC ENERGY DE COLOM 25146|Aduanas de Bogot√°|DEP PRIV|KM 7.1 BOD 105 AUTOPISTA  BOGOTA - MEDELLIN|2011-04-08|2016-04-08
2961|ZONA FRANCA PERMANENTE ESPECIAL HABLA CALL CENTER BPO|Impuestos y Aduanas de Palmira|ZONA FRANCA|ALD DEL AEROPUERTO ALFONSO BONILLA  ZN A|2011-02-10|2026-02-10
2962|CENTRO LOGISTICO DEL PACIFICO S.A|Impuestos y Aduanas de Buenaventura|ZONA FRANCA|CR 2 A   2   3 P 2  SEC CENTRO ALTOS CIA|2011-03-11|2026-03-11
2963|SCHNEIDER ELECTRIC ENERGY  CODIGO 25147|Aduanas de Bogot√°|DEP PRIV PROC I|ED AREVA COMPLEJO IND CELTA TRADE PARK B|2011-04-15|2016-04-16
2964|ZONA FRANCA PERMANENTE GEA S.A.S|Aduanas de Bogot√°|ZONA FRANCA|ZF CONTROL AUTOS CDA KM   2   5|2011-01-03|2026-01-03
2965|C.I. INVERMEC S.A.  C√≥digo 0000010|Impuestos y Aduanas de Manizales|DEP PRIV DI INT|CARRERA 22 No.75-111|2011-04-11|2016-05-08
2966|ESPUMLATEX S A CODIGO 24610|Aduanas de Bogot√°|DEP PRIV TRANSF|CR 38 No 14- 50|2011-05-12|2016-05-12
2968|ZFPE GECELCA 3|Aduanas de Medell√≠n|ZONA FRANCA|PUERTO LIBERTADOR CORDOBA|2011-05-13|2026-05-13
2969|COLPISA COLOMBIANA DE PINTURAS S.A|Aduanas de Medell√≠n|DEP PRIV TRANSF|CR 50 No 98 SUR 103-  LA ESTRELLA|2011-03-17|2016-03-17
2975|ZFPE CEMENTERA DEL MAGDALENA MEDIO|Aduanas de Medell√≠n|ZONA FRANCA|CR 30 AV HAMBURGO ED ADMINISTRATIVO P 4|2011-04-25|2026-04-25
2976|TAM LINHAS A√âREAS S.A.,SUCURSAL COLOMBIA|Aduanas de Bogot√°|PROV ABORDO |CALLE 26 No.113-31|2011-05-20|2016-05-20
2977|POLIPROPILENO DEL CARIBE S.A. PROPILCO|Aduanas de Cartagena|DEP PRIV|ZONA INDUSTRIAL VIA MAMONAL KM 8|2011-06-21|2016-06-21
2978|DISTRIBUIDORA DE COMBUSTIBLE WAYUU LTDA|Impuestos y Aduanas de Maicao|DEP PUBL|DG 16   54       125|2011-04-26|2016-04-26
2980|PRACO DIDACOL S A|Aduanas de Bogot√°|DEP PRIV|AV EL DORADO   78   20|2011-06-09|2016-06-09
2982|AVIANCA S.A. CODIGO 25181|Aduanas de Bogot√°|PROV ABORDO |MUELLE INTERNACIONAL EL DORADO|2011-06-05|2016-07-05
2983|PFIZER S.A. CODIGO 25142|Aduanas de Bogot√°|DEP PRIV|CR 69 B No 19 A 50 BODEGA 16|2011-05-09|2016-05-09
2984|ORGANIZACI√ìN TERPEL S.A. CODIGO 21700|Aduanas de Bogot√°|DEP PRIV|CR 7   75   51 OF 13   1|2011-03-30|2016-03-30
2985|IMPORTADORA ELECTRONICA S.A. IMPORTRONIC|Impuestos y Aduanas de Pereira|DEP PRIV|CR 14   104   89|2011-06-22|2016-07-24
2988|ZONA FRANCA ANDINA S.A.S. USUARIO OPERAD|Impuestos y Aduanas de Manizales|ZONA FRANCA|CL 64 A   21   50 OF 1604   1605 ED PORT|2011-03-11|2026-03-11
2989|ZFPE AGROINDUSTRIAL EXTRACTORA LA GLORIA|Impuestos y Aduanas de Valledupar|ZONA FRANCA|CR 106       15 A   25|2011-05-03|2026-05-03
2992|BAVARIA S.A.|Aduanas de Cartagena|DEP PRIV|KM 14 V√çA A MAMONAL ENT A PASACABALLOS|2011-08-09|2016-08-11
2997|ROCSA COLOMBIA S A|Aduanas de Cartagena|DEP PRIV|Transversal 52 D No. 16 - 137, Barrio el|2011-06-01|2016-06-15
2998|UMO UMO S.A. SABANETA|Aduanas de Medell√≠n|DEP PRIV TRANSF|CR 48   14     86|2010-03-04|2015-03-04
2999|SUPPLA SA CARTAGENA 25193|Aduanas de Cartagena|DEP PUBL|AVENIDA CENTRAL EL BOSQUE No. 53-76|2011-01-09|2016-09-21
3002|ZFPE OLMUE COLOMBIA|Aduanas de Cali|ZONA FRANCA|HACIENDA LA ITALIA  - PALMIRA|2011-06-29|2026-07-11
3005|VM CARGO SERVICES LTDA|Aduanas de Bogot√°|TRAFICO POSTAL|CALLE 25 D  No. 84B-90|2011-06-01|2016-06-01
3009|SUPPLA SA 25196|Aduanas de Bogot√°|DEP PUBL|CALLE 60 No.15-07-76|2011-09-21|2016-09-21
3010|SUPPLA SA 25197 CUCUTA|Aduanas de C√∫cuta|DEP PUBL|CALLE 21 No.10-25|2011-09-21|2016-09-21
3015|SOCIEDAD PORTUARIA RIO GRANDE S.A|Aduanas de Barranquilla|DEP PUBL|CL 2   38   240|2011-07-07|2016-07-07
3019|SCHNEIDER ELECTRIC DE COLOMBIA S.A|Aduanas de Bogot√°|DEP PRIV|CR 102 A   25 D   40|2011-10-11|2016-10-11
3020|INDUSTRIA DE EJES Y TRANSMISIONES S.A.|Aduanas de Bogot√°|DEP PRIV TRANSF|ZN INDUSTRIAL GIRON KM 7|2011-10-21|2016-10-21
3022|SPEEDWAY EXPRESS DE COLOMBIA LIMITADA.|Aduanas de Bogot√°|TRAFICO POSTAL|TRANSVERSAL 44 No. 93A-77.|2010-01-07|2015-01-07
3023|DAIMLER COLOMBIA S A|Aduanas de Bogot√°|DEP PRIV TRANSF|AV CL 26      70 A 25|2011-11-08|2016-11-08
3344|SUPPLA SA CALI 25195|Aduanas de Cali|DEP PUBL|CALLE 39 No.3N-79|2011-09-13|2015-09-13
3345|SUPPLA SA  DIAGONAL 22    25198|Aduanas de Bogot√°|DEP PUBL|DIAGONAL 22A No.56 A - 40|2011-09-13|2017-08-08
3346|DE  CASTRO GONZALEZ FERNANDO|Aduanas de Bogot√°|DEP FRANCO|CR 10   24   76 MN 5 BRR CENTRO|2011-10-25|2016-10-25
3347|ROLDAN Y CIA LTDA|Aduanas de Cartagena|DEP PUBL|CR 43 A   1 A SUR 69 OF 703|2011-11-11|2016-11-11
3351|COLTEJER S.A.|Aduanas de Medell√≠n|DEP PRIV|CR  42   54 A   161 AUT SUR|2011-10-13|2016-10-13
3360|COMPA√ëIA ESTIBADORA COLOMBIANA LTDA|Aduanas de Cartagena|DEP FRANCO|BRR MANGA TERMINAL MARITIMO CARTAGENA|2011-09-02|2015-09-02
3361|ALMACENES GENERALES DE DEPOSITO ALMAVIVA|Impuestos y Aduanas de Bucaramanga|DEP PUBL|CL   36  7  47 P 5 BRR CENTRO INTERNACIO|2011-11-03|2016-11-03
3363|ALMACENES GENERALES DE DEPOSITO ALMAGRAR|Impuestos y Aduanas de Urab√°|DEP PUBL|CR 7    71   52    TO A  OF 902|2012-02-14|2013-02-14
3364|ALMACENES GENERALES DE DEPOSITO ALMAGRAR|Aduanas de Cartagena|DEP PUBL|CR 7    71   52    TO A  OF 902|2012-02-20|2013-02-20
3371|INVESA S.A.|Aduanas de Medell√≠n|DEP PRIV|CR 48   26 SUR   181 LC  314 A|2011-12-15|2016-12-15
3375|UNILEVER ANDINA COLOMBIA LTDA|Impuestos y Aduanas de Palmira|DEP PRIV|AV AER ROZO KM 13|2012-02-28|2017-02-28
3378|ZFPE AGROINDUSTRIAL ACEITES CIMARRONES|Impuestos y Aduanas de Villavicencio|ZONA FRANCA|CRUCE VIA PTO RICO KLM 1   5  FINCA ZONA|2012-03-22|2027-03-22
3380|AEROVIAS DE INTEGRACION REGIONAL S.A.  A|Aduanas de Bogot√°|PROV ABORDO |CARRERA 103 No. 25 B 74|2012-02-08|2017-02-08
3381|EJERCITO NACIONAL CONTADURIA PRINCIPAL D|Aduanas de Bogot√°|DEP PRIV|AEROPUERTO ELDORADO ENTRADA 6 NUEVA ZONA|2012-02-17|2017-02-17
3382|AIR CANADA SUCURSAL COLOMBIA|Aduanas de Bogot√°|PROV ABORDO |CL 26   113   31|2011-10-06|2016-10-06
3391|FILIGRANA MOMPOSINA|Aduanas de Medell√≠n|DEP FRANCO|CR 53   98   3 P 1 LC   AEC 9|2012-01-30|2017-01-30
3392|ROLDAN Y CIA LTDA|Aduanas de C√∫cuta|DEP PUBL|CR 43 A   1 A SUR 69 OF 703|2012-04-11|2017-04-11
3409|ZOFICOL S.A.S.ZF DE BOGOTA S A USU. OP.|Aduanas de Bogot√°|ZONA FRANCA|AVDA.BOYAC√Å CALLE 56 A SUR No. 33-53|2012-04-25|2027-11-18
3411|COOPERATIVA MULTIACTIVA DE INTRODUCTORES|Impuestos y Aduanas de Maicao|DEP PRIV|CL 16   4   28 ED TEIRUMA P 01|2010-07-19|2015-07-19
3412|COOPERATIVA MULTIACTIVA DE INTRODUCTORES|Impuestos y Aduanas de Maicao|DEP PRIV|CL 16   4   28 ED TEIRUMA P 01|2012-07-19|2015-07-19
3414|ALMACENADORA DE CARGA LTDA. ALMACARGA|Aduanas de Barranquilla|DEP PUBL|CL 10   39   06|2012-05-02|2017-05-02
3415|IMPOXMAR S.A|Aduanas de Cartagena|DEP PUBL|BRR MANGA TERMINAL MARITIMO SPRC|2012-04-30|2017-04-30
3416|ZF DE BOGOTA S A.US.O.TABLEMAC MDF S.A.S|Aduanas de Medell√≠n|ZONA FRANCA|V√çA HATILLO BARBOSA KM 1.3 ANT CAB MUNIC|2011-12-30|2026-12-30
3417|AEROREPUBLICA S.A.|Impuestos y Aduanas de Bucaramanga|PROV ABORDO |AEROPUERTO PALONEGRO PLATAFORMA PRINCIPA|2011-03-16|2016-03-16
3425|REENCAFE S.A.                  25237|Impuestos y Aduanas de Pereira|DEP PRIV|AVENIDA VTO CR 2N No 15 - 149 LA UNION|2012-04-18|2017-04-18
3426|TEAM FOODS COLOMBIA S.A.|Aduanas de Bogot√°|DEP PRIV|AUT SUR 57     21|2012-03-23|2017-03-23
3427|LOGISTICA TRANSPORTE Y DISTRIBUCION SA LTD EXPRESS S.A|Aduanas de Medell√≠n|TRAFICO POSTAL|CALLE 37 No. 64 A 52 BRR LOS CONQUISTADORES|2012-01-27|2017-01-27
3432|ALMACENES GENERALES DE DEPOSITO ALMAGRAR|Aduanas de Cartagena|DEP PUBL|MAMONAL SECTOR ALBORNOZ CARRERA 56 N. 1-|2012-05-16|2017-05-16
3434|YAZAKI CIEMEL S.A.|Aduanas de Bogot√°|DEP PRIV TRANSF|AUT NORTE KM 21 VIA CHIA|2012-04-09|2017-04-09
3443|ECOPETROL S.A.|Impuestos y Aduanas de Santa Marta|DEP PRIV DI INT|POZOS COLORADOS KM 12 VIA SANTA MARTA|2011-05-03|2016-05-25
3444|PAQUETES Y CARGA EXPRESS LTDA. PAQ EXPRESS LTDA.|Aduanas de Bogot√°|TRAFICO POSTAL|CARRERA 25 G No 101 B 08|2010-05-16|2015-03-05
3445|THOMAS GREG EXPRESS S.A.|Aduanas de Bogot√°|TRAFICO POSTAL|CALLE 50 No.79-54 INT 10.|2009-09-24|2014-10-07
3446|OCS INTERNACIONAL LIMITADA.|Aduanas de Bogot√°|TRAFICO POSTAL|CARRERA 73 C No 25 F 44|2009-10-23|2014-10-29
3448|ZONA FRANCA DE BOGOTA S A USUARIO OPERAD|Aduanas de Bogot√°|ZONA FRANCA|CR 106       15 A   25|2012-05-17|2029-05-17
3453|CARGO ZONE ETC  Y CIA LTDA |Aduanas de Bogot√°|TRAFICO POSTAL|CALLE 65 No. 98-53|2012-07-24|2017-07-24
3454|OILTANKING COLOMBIA S.A.|Aduanas de Cartagena|DEP PUBL|CARR MAMONAL KM 12|2012-08-03|2017-08-03
3455|LARS COURRIER S.A.|Aduanas de Bogot√°|TRAFICO POSTAL|TRANSVERSAL 85 No.65-06|2009-10-26|2014-10-26
3457|ALMACENES GENERALES DE DEPOSITO DE CAFE|Impuestos y Aduanas de Palmira|DEP PUBL|CL 8 No 20 - 99|2012-06-21|2017-06-21
3458|FABRICATO S.A. - Rionegro|Aduanas de Medell√≠n|DEP PRIV|Kilometro 37 Autopista Medellin Bogot√°|2012-07-24|2017-07-24
3459|ALMACENADORA DE MERCANCIA DE COMERCIO IN|Impuestos y Aduanas de Ipiales|DEP PUBL|CR 2 NORTE   16 ESTE 241|2012-06-05|2017-06-05
3461|FRIO FRIMAC S.A.|Aduanas de Barranquilla|DEP PUBL|CL 10 No. 37 B - 76 Brr. MESOLANDIA|2012-05-23|2017-05-23
3463|LA RIVIERA DUTY FREE SAS|Aduanas de Cartagena|DEP FRANCO|AEROPUERTO RAFAEL NUNEZ LOC. 405 Y 406|2012-08-10|2017-08-10
3467|IMAGINA DE COLOMBIA S A S|Aduanas de Bogot√°|DEP FRANCO|CR 4   73   71|2011-04-11|2015-04-11
3468|GRASAS S.A.|Impuestos y Aduanas de Palmira|DEP PRIV|CL 11   18   113|2012-03-04|2017-03-04
3470|MAC - JOHNSON CONTROLS COLOMBIA S.  A.|Aduanas de Cali|DEP PRIV TRANSF|CR 35    10   300  ACOPI|2012-07-11|2017-07-11
3471|ZF IND DE BIE Y SER DE C√öCUTA-UOP BQUILL|Aduanas de C√∫cuta|ZONA FRANCA|AVDA. LOS LIBERTADORES Z. FRANCA CUCUTA|2012-09-01|2013-01-02
3472|ZF IND DE BIE Y SER STA MTA US.OP.BQUILL|Impuestos y Aduanas de Santa Marta|ZONA FRANCA|ZONA FRANCA SANTA MARTA|2012-08-31|2024-06-29
3473|BUSSCAR DE COLOMBIA S.A.|Impuestos y Aduanas de Pereira|DEP PRIV PROC I|KM 14 VIA CERRITOS|2012-05-30|2017-05-30
3474|ALMAINTER S A S|Aduanas de Bogot√°|DEP PUBL|CR 11 No. 93-53|2012-07-09|2017-07-09
3475|FABRICA DE GRASAS Y PRODUCTOS QUIMICOS L|Aduanas de Barranquilla|DEP TRANSITORIO|CL 81      11   68 OF 503|2012-09-13|2012-11-13
3476|GRASAS Y ACEITES VEGETALES LIMITADA. GRA|Aduanas de Barranquilla|DEP TRANSITORIO|VIA 40   54   299|2012-09-13|2012-11-13
3478|SANTAFE DUTY FREE SAS|Aduanas de Bogot√°|DEP FRANCO|DTF1 ZONA PASAJ P3 BG. 3Y4 P 5 ED. TERM|2012-09-14|2017-09-14
3479|IMPORTACIONES DUQUE GIRALDO Y CIA S. EN|Impuestos y Aduanas de Manizales|DEP TRANSITORIO|CL 73 A   71 A   110  VIA PANAMERICANA B|2012-10-01|2012-12-01
3480|INDUSTRIAS HACEB S A- 6160|Aduanas de Medell√≠n|DEP PRIV|AUT NORTE CL 59   55   80|2012-09-19|2017-09-19
3481|DISTRIBUIDORA COLOMBIANA DE SENTIMIENTOS|Aduanas de Cali|DEP FRANCO|LOCAL 2228 PARTE ALTA DEL SATELI INT AER|2012-09-21|2017-09-21
3482|HARINERA DEL VALLE S. A. 25285|Aduanas de Barranquilla|DEP TRANSITORIO|CR 33 A 16   04|2012-10-11|2012-11-11
3483|GRASCO LTDA 25286|Aduanas de Barranquilla|DEP TRANSITORIO|MUELLE DE SIAPE VIA 40 No 85-210|2012-10-11|2012-11-11
3484|IMPORTACIONES DUQUE GIRALDO Y CIA 25284|Impuestos y Aduanas de Manizales|DEP TRANSITORIO|CL 73 A   71 A   110  VIA PANAMERICANA B|2012-10-09|2012-12-09
3485|SOCIEDAD PUERTO INDUSTRIAL AGUADULCE SA|Impuestos y Aduanas de Buenaventura|ZONA FRANCA|CONCESION PORTURARIA|2012-07-06|2027-07-06
3486|GRASAS Y ACEITES VEGETALES 25287|Aduanas de Barranquilla|DEP TRANSITORIO|VIA 40   54   299|2012-10-12|2012-11-12
3487|IMPORTACIONES DUQUE GIRALDO Y CIA S25288|Impuestos y Aduanas de Manizales|DEP TRANSITORIO|CL 73 A   71 A   110  VIA PANAMERICANA B|2012-10-24|2012-12-24
3488|ZFPE SIEMENS MANUFACTURING|Aduanas de Bogot√°|ZONA FRANCA|VEREDA EL VINO|2008-07-28|2013-01-12
